kilo_uid,kilo_ticks
1,5
2,5
0,9
2,9
0,16
1,16
1,20
2,20
0,24
2,24
0,32
1,32
1,36
2,36
0,40
2,40
0,46
1,46
1,50
2,50
0,54
2,54
0,61
1,61
1,65
2,65
0,69
2,69
0,76
1,76
1,80
2,80
0,85
2,85
0,91
1,91
1,95
2,95
0,99
2,99
0,107
1,107
1,111
2,111
0,114
2,114
0,121
1,121
1,125
2,125
0,129
2,129
0,136
1,136
1,140
2,140
0,144
2,144
0,151
1,151
1,156
2,156
0,160
2,160
0,166
1,166
1,170
2,170
0,174
2,174
0,182
1,182
1,185
2,185
0,189
2,189
0,196
1,196
1,200
2,200
0,204
2,204
0,211
1,211
1,215
2,215
0,219
2,219
0,226
1,226
1,231
2,231
0,235
2,235
0,241
1,241
1,245
2,245
0,249
2,249
0,257
1,257
1,260
2,260
0,264
2,264
0,271
1,271
1,275
2,275
0,280
2,280
0,286
1,286
1,290
2,290
0,294
2,294
0,302
1,302
1,306
2,306
0,309
2,309
0,316
1,316
1,320
2,320
0,324
2,324
0,331
1,331
1,335
2,335
0,339
2,339
0,346
1,346
1,350
2,350
0,355
2,355
0,361
1,361
1,365
2,365
0,369
2,369
0,377
1,377
1,381
2,381
0,384
2,384
0,391
1,391
1,395
2,395
0,399
2,399
0,406
1,406
1,410
2,410
0,414
2,414
0,421
1,421
1,426
2,426
0,430
2,430
0,436
1,436
1,440
2,440
0,444
2,444
0,452
1,452
1,455
2,455
0,459
2,459
0,466
1,466
1,470
2,470
0,474
2,474
0,481
1,481
1,485
2,485
0,489
2,489
0,497
1,497
1,501
2,501
0,505
2,505
0,511
1,511
1,515
2,515
0,519
2,519
0,526
1,526
1,530
2,530
0,534
2,534
0,541
1,541
1,545
2,545
0,550
2,550
0,556
1,556
1,560
2,560
0,564
2,564
0,572
1,572
1,576
2,576
0,579
2,579
0,586
1,586
1,590
2,590
0,594
2,594
0,601
1,601
1,605
2,605
0,609
2,609
0,616
1,616
1,621
2,621
0,625
2,625
0,631
1,631
1,635
2,635
0,639
2,639
0,647
1,647
1,650
2,650
0,654
2,654
0,661
1,661
1,665
2,665
0,669
2,669
0,676
1,676
1,680
2,680
0,684
2,684
0,691
1,691
1,696
2,696
0,700
2,700
0,706
1,706
1,710
2,710
0,714
2,714
0,722
1,722
1,725
2,725
0,729
2,729
0,736
1,736
1,740
2,740
0,745
2,745
0,751
1,751
1,755
2,755
0,759
2,759
0,767
1,767
1,771
2,771
0,774
2,774
0,781
1,781
1,785
2,785
0,789
2,789
0,796
1,796
1,800
2,800
0,804
2,804
0,811
1,811
1,815
2,815
0,820
2,820
0,826
1,826
1,830
2,830
0,834
2,834
0,842
1,842
1,846
2,846
0,849
2,849
0,856
1,856
1,860
2,860
0,864
2,864
0,871
1,871
1,875
2,875
0,879
2,879
0,886
1,886
1,891
2,891
0,895
2,895
0,901
1,901
1,905
2,905
0,909
2,909
0,917
1,917
1,920
2,920
0,924
2,924
0,931
1,931
1,935
2,935
0,939
2,939
0,946
1,946
1,950
2,950
0,954
2,954
0,962
1,962
1,966
2,966
0,970
2,970
0,976
1,976
1,980
2,980
0,984
2,984
0,991
1,991
1,995
2,995
0,999
2,999
0,1006
1,1006
1,1010
2,1010
0,1015
2,1015
0,1021
1,1021
1,1025
2,1025
0,1029
2,1029
0,1037
1,1037
1,1041
2,1041
0,1044
2,1044
0,1051
1,1051
1,1055
2,1055
0,1059
2,1059
0,1066
1,1066
1,1070
2,1070
0,1074
2,1074
0,1081
1,1081
1,1086
2,1086
0,1090
2,1090
0,1096
1,1096
1,1100
2,1100
0,1104
2,1104
0,1112
1,1112
1,1115
2,1115
0,1119
2,1119
0,1126
1,1126
1,1130
2,1130
0,1134
2,1134
0,1141
1,1141
1,1145
2,1145
0,1149
2,1149
0,1156
1,1156
1,1161
2,1161
0,1165
2,1165
0,1171
1,1171
1,1175
2,1175
0,1179
2,1179
0,1187
1,1187
1,1190
2,1190
0,1194
2,1194
0,1201
1,1201
1,1205
2,1205
0,1210
2,1210
0,1216
1,1216
1,1220
2,1220
0,1224
2,1224
0,1232
1,1232
1,1236
2,1236
0,1239
2,1239
0,1246
1,1246
1,1250
2,1250
0,1254
2,1254
0,1261
1,1261
1,1265
2,1265
0,1269
2,1269
0,1276
1,1276
1,1280
2,1280
0,1285
2,1285
0,1291
1,1291
1,1295
2,1295
0,1299
2,1299
0,1307
1,1307
1,1311
2,1311
0,1314
2,1314
0,1321
1,1321
1,1325
2,1325
0,1329
2,1329
0,1336
1,1336
1,1340
2,1340
0,1344
2,1344
0,1351
1,1351
1,1356
2,1356
0,1360
2,1360
0,1366
1,1366
1,1370
2,1370
0,1374
2,1374
0,1382
1,1382
1,1385
2,1385
0,1389
2,1389
0,1396
1,1396
1,1400
2,1400
0,1404
2,1404
0,1411
1,1411
1,1415
2,1415
0,1419
2,1419
0,1427
1,1427
1,1431
2,1431
0,1435
2,1435
0,1441
1,1441
1,1445
2,1445
0,1449
2,1449
0,1456
1,1456
1,1460
2,1460
0,1464
2,1464
0,1471
1,1471
1,1475
2,1475
0,1480
2,1480
0,1486
1,1486
1,1490
2,1490
0,1494
2,1494
0,1502
1,1502
1,1506
2,1506
0,1509
2,1509
0,1516
1,1516
1,1520
2,1520
0,1524
2,1524
0,1531
1,1531
1,1535
2,1535
0,1539
2,1539
0,1546
1,1546
1,1551
2,1551
0,1555
2,1555
0,1561
1,1561
1,1565
2,1565
0,1569
2,1569
0,1577
1,1577
1,1580
2,1580
0,1584
2,1584
0,1591
1,1591
1,1595
2,1595
0,1599
2,1599
0,1606
1,1606
1,1610
2,1610
0,1614
2,1614
0,1621
1,1621
1,1626
2,1626
0,1630
2,1630
0,1636
1,1636
1,1640
2,1640
0,1644
2,1644
0,1652
1,1652
1,1655
2,1655
0,1659
2,1659
0,1666
1,1666
1,1670
2,1670
0,1675
2,1675
0,1681
1,1681
1,1685
2,1685
0,1689
2,1689
0,1697
1,1697
1,1701
2,1701
0,1704
2,1704
0,1711
1,1711
1,1715
2,1715
0,1719
2,1719
0,1726
1,1726
1,1730
2,1730
0,1734
2,1734
0,1741
1,1741
1,1745
2,1745
0,1750
2,1750
0,1756
1,1756
1,1760
2,1760
0,1764
2,1764
0,1772
1,1772
1,1776
2,1776
0,1779
2,1779
0,1786
1,1786
1,1790
2,1790
0,1794
2,1794
0,1801
1,1801
1,1805
2,1805
0,1809
2,1809
0,1816
1,1816
1,1821
2,1821
0,1825
2,1825
0,1831
1,1831
1,1835
2,1835
0,1839
2,1839
0,1847
1,1847
1,1850
2,1850
0,1854
2,1854
0,1861
1,1861
1,1865
2,1865
0,1869
2,1869
0,1876
1,1876
1,1880
2,1880
0,1884
2,1884
0,1892
1,1892
1,1896
2,1896
0,1900
2,1900
0,1906
1,1906
1,1910
2,1910
0,1914
2,1914
0,1921
1,1921
1,1925
2,1925
0,1929
2,1929
0,1936
1,1936
1,1940
2,1940
0,1945
2,1945
0,1951
1,1951
1,1955
2,1955
0,1959
2,1959
0,1967
1,1967
1,1971
2,1971
0,1974
2,1974
0,1981
1,1981
1,1985
2,1985
0,1989
2,1989
0,1996
1,1996
1,2000
2,2000
0,2004
2,2004
0,2011
1,2011
1,2016
2,2016
0,2020
2,2020
0,2026
1,2026
1,2030
2,2030
0,2034
2,2034
0,2042
1,2042
1,2045
2,2045
0,2049
2,2049
0,2056
1,2056
1,2060
2,2060
0,2064
2,2064
0,2071
1,2071
1,2075
2,2075
0,2079
2,2079
0,2086
1,2086
1,2091
2,2091
0,2095
2,2095
0,2101
1,2101
1,2105
2,2105
0,2109
2,2109
0,2117
1,2117
1,2120
2,2120
0,2124
2,2124
0,2131
1,2131
1,2135
2,2135
0,2140
2,2140
0,2146
1,2146
1,2150
2,2150
0,2154
2,2154
0,2162
1,2162
1,2166
2,2166
0,2169
2,2169
0,2176
1,2176
1,2180
2,2180
0,2184
2,2184
0,2191
1,2191
1,2195
2,2195
0,2199
2,2199
0,2206
1,2206
1,2210
2,2210
0,2215
2,2215
0,2221
1,2221
1,2225
2,2225
0,2229
2,2229
0,2237
1,2237
1,2241
2,2241
0,2244
2,2244
0,2251
1,2251
1,2255
2,2255
0,2259
2,2259
0,2266
1,2266
1,2270
2,2270
0,2274
2,2274
0,2281
1,2281
1,2286
2,2286
0,2290
2,2290
0,2296
1,2296
1,2300
2,2300
0,2304
2,2304
0,2312
1,2312
1,2315
2,2315
0,2319
2,2319
0,2326
1,2326
1,2330
2,2330
0,2334
2,2334
0,2341
1,2341
1,2345
2,2345
0,2349
2,2349
0,2357
1,2357
1,2361
2,2361
0,2365
2,2365
0,2371
1,2371
1,2375
2,2375
0,2379
2,2379
0,2386
1,2386
1,2390
2,2390
0,2394
2,2394
0,2401
1,2401
1,2405
2,2405
0,2410
2,2410
0,2416
1,2416
1,2420
2,2420
0,2424
2,2424
0,2432
1,2432
1,2436
2,2436
0,2439
2,2439
0,2446
1,2446
1,2450
2,2450
0,2454
2,2454
0,2461
1,2461
1,2465
2,2465
0,2469
2,2469
0,2476
1,2476
1,2481
2,2481
0,2485
2,2485
0,2491
1,2491
1,2495
2,2495
0,2499
2,2499
0,2507
1,2507
1,2510
2,2510
0,2514
2,2514
0,2521
1,2521
1,2525
2,2525
0,2529
2,2529
0,2536
1,2536
1,2540
2,2540
0,2544
2,2544
0,2551
1,2551
1,2556
2,2556
0,2560
2,2560
0,2566
1,2566
1,2570
2,2570
0,2574
2,2574
0,2582
1,2582
1,2585
2,2585
0,2589
2,2589
0,2596
1,2596
1,2600
2,2600
0,2605
2,2605
0,2611
1,2611
1,2615
2,2615
0,2619
2,2619
0,2627
1,2627
1,2631
2,2631
0,2634
2,2634
0,2641
1,2641
1,2645
2,2645
0,2649
2,2649
0,2656
1,2656
1,2660
2,2660
0,2664
2,2664
0,2671
1,2671
1,2675
2,2675
0,2680
2,2680
0,2686
1,2686
1,2690
2,2690
0,2694
2,2694
0,2702
1,2702
1,2706
2,2706
0,2709
2,2709
0,2716
1,2716
1,2720
2,2720
0,2724
2,2724
0,2731
1,2731
1,2735
2,2735
0,2739
2,2739
0,2746
1,2746
1,2751
2,2751
0,2755
2,2755
0,2761
1,2761
1,2765
2,2765
0,2769
2,2769
0,2777
1,2777
1,2780
2,2780
0,2784
2,2784
0,2791
1,2791
1,2795
2,2795
0,2799
2,2799
0,2806
1,2806
1,2810
2,2810
0,2814
2,2814
0,2822
1,2822
1,2826
2,2826
0,2830
2,2830
0,2836
1,2836
1,2840
2,2840
0,2844
2,2844
0,2851
1,2851
1,2855
2,2855
0,2859
2,2859
0,2866
1,2866
1,2870
2,2870
0,2875
2,2875
0,2881
1,2881
1,2885
2,2885
0,2889
2,2889
0,2897
1,2897
1,2901
2,2901
0,2904
2,2904
0,2911
1,2911
1,2915
2,2915
0,2919
2,2919
0,2926
1,2926
1,2930
2,2930
0,2934
2,2934
0,2941
1,2941
1,2946
2,2946
0,2950
2,2950
0,2956
1,2956
1,2960
2,2960
0,2964
2,2964
0,2972
1,2972
1,2975
2,2975
0,2979
2,2979
0,2986
1,2986
1,2990
2,2990
0,2994
2,2994
0,3001
1,3001
1,3005
2,3005
0,3009
2,3009
0,3016
1,3016
1,3021
2,3021
0,3025
2,3025
0,3031
1,3031
1,3035
2,3035
0,3039
2,3039
0,3047
1,3047
1,3050
2,3050
0,3054
2,3054
0,3061
1,3061
1,3065
2,3065
0,3070
2,3070
0,3076
1,3076
1,3080
2,3080
0,3084
2,3084
0,3092
1,3092
1,3096
2,3096
0,3099
2,3099
0,3106
1,3106
1,3110
2,3110
0,3114
2,3114
0,3121
1,3121
1,3125
2,3125
0,3129
2,3129
0,3136
1,3136
1,3140
2,3140
0,3145
2,3145
0,3151
1,3151
1,3155
2,3155
0,3159
2,3159
0,3167
1,3167
1,3171
2,3171
0,3174
2,3174
0,3181
1,3181
1,3185
2,3185
0,3189
2,3189
0,3196
1,3196
1,3200
2,3200
0,3204
2,3204
0,3211
1,3211
1,3216
2,3216
0,3220
2,3220
0,3226
1,3226
1,3230
2,3230
0,3234
2,3234
0,3242
1,3242
1,3245
2,3245
0,3249
2,3249
0,3256
1,3256
1,3260
2,3260
0,3264
2,3264
0,3271
1,3271
1,3275
2,3275
0,3279
2,3279
0,3287
1,3287
1,3291
2,3291
0,3295
2,3295
0,3301
1,3301
1,3305
2,3305
0,3309
2,3309
0,3316
1,3316
1,3320
2,3320
0,3324
2,3324
0,3331
1,3331
1,3335
2,3335
0,3340
2,3340
0,3346
1,3346
1,3350
2,3350
0,3354
2,3354
0,3362
1,3362
1,3366
2,3366
0,3369
2,3369
0,3376
1,3376
1,3380
2,3380
0,3384
2,3384
0,3391
1,3391
1,3395
2,3395
0,3399
2,3399
0,3406
1,3406
1,3411
2,3411
0,3415
2,3415
0,3421
1,3421
1,3425
2,3425
0,3429
2,3429
0,3437
1,3437
1,3440
2,3440
0,3444
2,3444
0,3451
1,3451
1,3455
2,3455
0,3459
2,3459
0,3466
1,3466
1,3470
2,3470
0,3474
2,3474
0,3481
1,3481
1,3486
2,3486
0,3490
2,3490
0,3496
1,3496
1,3500
2,3500
0,3504
2,3504
0,3512
1,3512
1,3515
2,3515
0,3519
2,3519
0,3526
1,3526
1,3530
2,3530
0,3535
2,3535
0,3541
1,3541
1,3545
2,3545
0,3549
2,3549
0,3557
1,3557
1,3561
2,3561
0,3564
2,3564
0,3571
1,3571
1,3575
2,3575
0,3579
2,3579
0,3586
1,3586
1,3590
2,3590
0,3594
2,3594
0,3601
1,3601
1,3605
2,3605
0,3610
2,3610
0,3616
1,3616
1,3620
2,3620
0,3624
2,3624
0,3632
1,3632
1,3636
2,3636
0,3639
2,3639
0,3646
1,3646
1,3650
2,3650
0,3654
2,3654
0,3661
1,3661
1,3665
2,3665
0,3669
2,3669
0,3676
1,3676
1,3681
2,3681
0,3685
2,3685
0,3691
1,3691
1,3695
2,3695
0,3699
2,3699
0,3707
1,3707
1,3710
2,3710
0,3714
2,3714
0,3721
1,3721
1,3725
2,3725
0,3729
2,3729
0,3736
1,3736
1,3740
2,3740
0,3744
2,3744
0,3752
1,3752
1,3756
2,3756
0,3760
2,3760
0,3766
1,3766
1,3770
2,3770
0,3774
2,3774
0,3781
1,3781
1,3785
2,3785
0,3789
2,3789
0,3796
1,3796
1,3800
2,3800
0,3805
2,3805
0,3811
1,3811
1,3815
2,3815
0,3819
2,3819
0,3827
1,3827
1,3831
2,3831
0,3834
2,3834
0,3841
1,3841
1,3845
2,3845
0,3849
2,3849
0,3856
1,3856
1,3860
2,3860
0,3864
2,3864
0,3871
1,3871
1,3876
2,3876
0,3880
2,3880
0,3886
1,3886
1,3890
2,3890
0,3894
2,3894
0,3902
1,3902
1,3905
2,3905
0,3909
2,3909
0,3916
1,3916
1,3920
2,3920
0,3924
2,3924
0,3931
1,3931
1,3935
2,3935
0,3939
2,3939
0,3946
1,3946
1,3951
2,3951
0,3955
2,3955
0,3961
1,3961
1,3965
2,3965
0,3969
2,3969
0,3977
1,3977
1,3980
2,3980
0,3984
2,3984
0,3991
1,3991
1,3995
2,3995
0,4000
2,4000
0,4006
1,4006
1,4010
2,4010
0,4014
2,4014
0,4022
1,4022
1,4026
2,4026
0,4029
2,4029
0,4036
1,4036
1,4040
2,4040
0,4044
2,4044
0,4051
1,4051
1,4055
2,4055
0,4059
2,4059
0,4066
1,4066
1,4070
2,4070
0,4075
2,4075
0,4081
1,4081
1,4085
2,4085
0,4089
2,4089
0,4097
1,4097
1,4101
2,4101
0,4104
2,4104
0,4111
1,4111
1,4115
2,4115
0,4119
2,4119
0,4126
1,4126
1,4130
2,4130
0,4134
2,4134
0,4141
1,4141
1,4146
2,4146
0,4150
2,4150
0,4156
1,4156
1,4160
2,4160
0,4164
2,4164
0,4172
1,4172
1,4175
2,4175
0,4179
2,4179
0,4186
1,4186
1,4190
2,4190
0,4194
2,4194
0,4201
1,4201
1,4205
2,4205
0,4209
2,4209
0,4217
1,4217
1,4221
2,4221
0,4225
2,4225
0,4231
1,4231
1,4235
2,4235
0,4239
2,4239
0,4246
1,4246
1,4250
2,4250
0,4254
2,4254
0,4261
1,4261
1,4265
2,4265
0,4270
2,4270
0,4276
1,4276
1,4280
2,4280
0,4284
2,4284
0,4292
1,4292
1,4296
2,4296
0,4299
2,4299
0,4306
1,4306
1,4310
2,4310
0,4314
2,4314
0,4321
1,4321
1,4325
2,4325
0,4329
2,4329
0,4336
1,4336
1,4341
2,4341
0,4345
2,4345
0,4351
1,4351
1,4355
2,4355
0,4359
2,4359
0,4367
1,4367
1,4370
2,4370
0,4374
2,4374
0,4381
1,4381
1,4385
2,4385
0,4389
2,4389
0,4396
1,4396
1,4400
2,4400
0,4404
2,4404
0,4411
1,4411
1,4416
2,4416
0,4420
2,4420
0,4426
1,4426
1,4430
2,4430
0,4434
2,4434
0,4442
1,4442
1,4445
2,4445
0,4449
2,4449
0,4456
1,4456
1,4460
2,4460
0,4465
2,4465
0,4471
1,4471
1,4475
2,4475
0,4479
2,4479
0,4487
1,4487
1,4491
2,4491
0,4494
2,4494
0,4501
1,4501
1,4505
2,4505
0,4509
2,4509
0,4516
1,4516
1,4520
2,4520
0,4524
2,4524
0,4531
1,4531
1,4535
2,4535
0,4540
2,4540
0,4546
1,4546
1,4550
2,4550
0,4554
2,4554
0,4562
1,4562
1,4566
2,4566
0,4569
2,4569
0,4576
1,4576
1,4580
2,4580
0,4584
2,4584
0,4591
1,4591
1,4595
2,4595
0,4599
2,4599
0,4606
1,4606
1,4611
2,4611
0,4615
2,4615
0,4621
1,4621
1,4625
2,4625
0,4629
2,4629
0,4637
1,4637
1,4640
2,4640
0,4644
2,4644
0,4651
1,4651
1,4655
2,4655
0,4659
2,4659
0,4666
1,4666
1,4670
2,4670
0,4674
2,4674
0,4682
1,4682
1,4686
2,4686
0,4690
2,4690
0,4696
1,4696
1,4700
2,4700
0,4704
2,4704
0,4711
1,4711
1,4715
2,4715
0,4719
2,4719
0,4726
1,4726
1,4730
2,4730
0,4735
2,4735
0,4741
1,4741
1,4745
2,4745
0,4749
2,4749
0,4757
1,4757
1,4761
2,4761
0,4764
2,4764
0,4771
1,4771
1,4775
2,4775
0,4779
2,4779
0,4786
1,4786
1,4790
2,4790
0,4794
2,4794
0,4801
1,4801
1,4806
2,4806
0,4810
2,4810
0,4816
1,4816
1,4820
2,4820
0,4824
2,4824
0,4832
1,4832
1,4835
2,4835
0,4839
2,4839
0,4846
1,4846
1,4850
2,4850
0,4854
2,4854
0,4861
1,4861
1,4865
2,4865
0,4869
2,4869
0,4876
1,4876
1,4881
2,4881
0,4885
2,4885
0,4891
1,4891
1,4895
2,4895
0,4899
2,4899
0,4907
1,4907
1,4910
2,4910
0,4914
2,4914
0,4921
1,4921
1,4925
2,4925
0,4930
2,4930
0,4936
1,4936
1,4940
2,4940
0,4944
2,4944
0,4952
1,4952
1,4956
2,4956
0,4959
2,4959
0,4966
1,4966
1,4970
2,4970
0,4974
2,4974
0,4981
1,4981
1,4985
2,4985
0,4989
2,4989
0,4996
1,4996
1,5000
2,5000
0,5005
2,5005
0,5011
1,5011
1,5015
2,5015
0,5019
2,5019
0,5027
1,5027
1,5031
2,5031
0,5034
2,5034
0,5041
1,5041
1,5045
2,5045
0,5049
2,5049
0,5056
1,5056
1,5060
2,5060
0,5064
2,5064
0,5071
1,5071
1,5076
2,5076
0,5080
2,5080
0,5086
1,5086
1,5090
2,5090
0,5094
2,5094
0,5102
1,5102
1,5105
2,5105
0,5109
2,5109
0,5116
1,5116
1,5120
2,5120
0,5124
2,5124
0,5131
1,5131
1,5135
2,5135
0,5139
2,5139
0,5147
1,5147
1,5151
2,5151
0,5155
2,5155
0,5161
1,5161
1,5165
2,5165
0,5169
2,5169
0,5176
1,5176
1,5180
2,5180
0,5184
2,5184
0,5191
1,5191
1,5195
2,5195
0,5200
2,5200
0,5206
1,5206
1,5210
2,5210
0,5214
2,5214
0,5222
1,5222
1,5226
2,5226
0,5229
2,5229
0,5236
1,5236
1,5240
2,5240
0,5244
2,5244
0,5251
1,5251
1,5255
2,5255
0,5259
2,5259
0,5266
1,5266
1,5271
2,5271
0,5275
2,5275
0,5281
1,5281
1,5285
2,5285
0,5289
2,5289
0,5297
1,5297
1,5300
2,5300
0,5304
2,5304
0,5311
1,5311
1,5315
2,5315
0,5319
2,5319
0,5326
1,5326
1,5330
2,5330
0,5334
2,5334
0,5341
1,5341
1,5346
2,5346
0,5350
2,5350
0,5356
1,5356
1,5360
2,5360
0,5364
2,5364
0,5372
1,5372
1,5375
2,5375
0,5379
2,5379
0,5386
1,5386
1,5390
2,5390
0,5395
2,5395
0,5401
1,5401
1,5405
2,5405
0,5409
2,5409
0,5417
1,5417
1,5421
2,5421
0,5424
2,5424
0,5431
1,5431
1,5435
2,5435
0,5439
2,5439
0,5446
1,5446
1,5450
2,5450
0,5454
2,5454
0,5461
1,5461
1,5465
2,5465
0,5470
2,5470
0,5476
1,5476
1,5480
2,5480
0,5484
2,5484
0,5492
1,5492
1,5496
2,5496
0,5499
2,5499
0,5506
1,5506
1,5510
2,5510
0,5514
2,5514
0,5521
1,5521
1,5525
2,5525
0,5529
2,5529
0,5536
1,5536
1,5541
2,5541
0,5545
2,5545
0,5551
1,5551
1,5555
2,5555
0,5559
2,5559
0,5567
1,5567
1,5570
2,5570
0,5574
2,5574
0,5581
1,5581
1,5585
2,5585
0,5589
2,5589
0,5596
1,5596
1,5600
2,5600
0,5604
2,5604
0,5612
1,5612
1,5616
2,5616
0,5620
2,5620
0,5626
1,5626
1,5630
2,5630
0,5634
2,5634
0,5641
1,5641
1,5645
2,5645
0,5649
2,5649
0,5656
1,5656
1,5660
2,5660
0,5665
2,5665
0,5671
1,5671
1,5675
2,5675
0,5679
2,5679
0,5687
1,5687
1,5691
2,5691
0,5694
2,5694
0,5701
1,5701
1,5705
2,5705
0,5709
2,5709
0,5716
1,5716
1,5720
2,5720
0,5724
2,5724
0,5731
1,5731
1,5736
2,5736
0,5740
2,5740
0,5746
1,5746
1,5750
2,5750
0,5754
2,5754
0,5762
1,5762
1,5765
2,5765
0,5769
2,5769
0,5776
1,5776
1,5780
2,5780
0,5784
2,5784
0,5791
1,5791
1,5795
2,5795
0,5799
2,5799
0,5806
1,5806
1,5811
2,5811
0,5815
2,5815
0,5821
1,5821
1,5825
2,5825
0,5829
2,5829
0,5837
1,5837
1,5840
2,5840
0,5844
2,5844
0,5851
1,5851
1,5855
2,5855
0,5860
2,5860
0,5866
1,5866
1,5870
2,5870
0,5874
2,5874
0,5882
1,5882
1,5886
2,5886
0,5889
2,5889
0,5896
1,5896
1,5900
2,5900
0,5904
2,5904
0,5911
1,5911
1,5915
2,5915
0,5919
2,5919
0,5926
1,5926
1,5930
2,5930
0,5935
2,5935
0,5941
1,5941
1,5945
2,5945
0,5949
2,5949
0,5957
1,5957
1,5961
2,5961
0,5964
2,5964
0,5971
1,5971
1,5975
2,5975
0,5979
2,5979
0,5986
1,5986
1,5990
2,5990
0,5994
2,5994
0,6001
1,6001
1,6006
2,6006
0,6010
2,6010
0,6016
1,6016
1,6020
2,6020
0,6024
2,6024
0,6032
1,6032
1,6035
2,6035
0,6039
2,6039
0,6046
1,6046
1,6050
2,6050
0,6054
2,6054
0,6061
1,6061
1,6065
2,6065
0,6069
2,6069
0,6077
1,6077
1,6081
2,6081
0,6085
2,6085
0,6091
1,6091
1,6095
2,6095
0,6099
2,6099
0,6106
1,6106
1,6110
2,6110
0,6114
2,6114
0,6121
1,6121
1,6125
2,6125
0,6130
2,6130
0,6136
1,6136
1,6140
2,6140
0,6144
2,6144
0,6152
1,6152
1,6156
2,6156
0,6159
2,6159
0,6166
1,6166
1,6170
2,6170
0,6174
2,6174
0,6181
1,6181
1,6185
2,6185
0,6189
2,6189
0,6196
1,6196
1,6201
2,6201
0,6205
2,6205
0,6211
1,6211
1,6215
2,6215
0,6219
2,6219
0,6227
1,6227
1,6230
2,6230
0,6234
2,6234
0,6241
1,6241
1,6245
2,6245
0,6249
2,6249
0,6256
1,6256
1,6260
2,6260
0,6264
2,6264
0,6271
1,6271
1,6276
2,6276
0,6280
2,6280
0,6286
1,6286
1,6290
2,6290
0,6294
2,6294
0,6302
1,6302
1,6305
2,6305
0,6309
2,6309
0,6316
1,6316
1,6320
2,6320
0,6325
2,6325
0,6331
1,6331
1,6335
2,6335
0,6339
2,6339
0,6347
1,6347
1,6351
2,6351
0,6354
2,6354
0,6361
1,6361
1,6365
2,6365
0,6369
2,6369
0,6376
1,6376
1,6380
2,6380
0,6384
2,6384
0,6391
1,6391
1,6395
2,6395
0,6400
2,6400
0,6406
1,6406
1,6410
2,6410
0,6414
2,6414
0,6422
1,6422
1,6426
2,6426
0,6429
2,6429
0,6436
1,6436
1,6440
2,6440
0,6444
2,6444
0,6451
1,6451
1,6455
2,6455
0,6459
2,6459
0,6466
1,6466
1,6471
2,6471
0,6475
2,6475
0,6481
1,6481
1,6485
2,6485
0,6489
2,6489
0,6497
1,6497
1,6500
2,6500
0,6504
2,6504
0,6511
1,6511
1,6515
2,6515
0,6519
2,6519
0,6526
1,6526
1,6530
2,6530
0,6534
2,6534
0,6542
1,6542
1,6546
2,6546
0,6550
2,6550
0,6556
1,6556
1,6560
2,6560
0,6564
2,6564
0,6571
1,6571
1,6575
2,6575
0,6579
2,6579
0,6586
1,6586
1,6590
2,6590
0,6595
2,6595
0,6601
1,6601
1,6605
2,6605
0,6609
2,6609
0,6617
1,6617
1,6621
2,6621
0,6624
2,6624
0,6631
1,6631
1,6635
2,6635
0,6639
2,6639
0,6646
1,6646
1,6650
2,6650
0,6654
2,6654
0,6661
1,6661
1,6666
2,6666
0,6670
2,6670
0,6676
1,6676
1,6680
2,6680
0,6684
2,6684
0,6692
1,6692
1,6695
2,6695
0,6699
2,6699
0,6706
1,6706
1,6710
2,6710
0,6714
2,6714
0,6721
1,6721
1,6725
2,6725
0,6729
2,6729
0,6736
1,6736
1,6741
2,6741
0,6745
2,6745
0,6751
1,6751
1,6755
2,6755
0,6759
2,6759
0,6767
1,6767
1,6770
2,6770
0,6774
2,6774
0,6781
1,6781
1,6785
2,6785
0,6790
2,6790
0,6796
1,6796
1,6800
2,6800
0,6804
2,6804
0,6812
1,6812
1,6816
2,6816
0,6819
2,6819
0,6826
1,6826
1,6830
2,6830
0,6834
2,6834
0,6841
1,6841
1,6845
2,6845
0,6849
2,6849
0,6856
1,6856
1,6860
2,6860
0,6865
2,6865
0,6871
1,6871
1,6875
2,6875
0,6879
2,6879
0,6887
1,6887
1,6891
2,6891
0,6894
2,6894
0,6901
1,6901
1,6905
2,6905
0,6909
2,6909
0,6916
1,6916
1,6920
2,6920
0,6924
2,6924
0,6931
1,6931
1,6936
2,6936
0,6940
2,6940
0,6946
1,6946
1,6950
2,6950
0,6954
2,6954
0,6962
1,6962
1,6965
2,6965
0,6969
2,6969
0,6976
1,6976
1,6980
2,6980
0,6984
2,6984
0,6991
1,6991
1,6995
2,6995
0,6999
2,6999
0,7007
1,7007
1,7011
2,7011
0,7015
2,7015
0,7021
1,7021
1,7025
2,7025
0,7029
2,7029
0,7036
1,7036
1,7040
2,7040
0,7044
2,7044
0,7051
1,7051
1,7055
2,7055
0,7060
2,7060
0,7066
1,7066
1,7070
2,7070
0,7074
2,7074
0,7082
1,7082
1,7086
2,7086
0,7089
2,7089
0,7096
1,7096
1,7100
2,7100
0,7104
2,7104
0,7111
1,7111
1,7115
2,7115
0,7119
2,7119
0,7126
1,7126
1,7131
2,7131
0,7135
2,7135
0,7141
1,7141
1,7145
2,7145
0,7149
2,7149
0,7157
1,7157
1,7160
2,7160
0,7164
2,7164
0,7171
1,7171
1,7175
2,7175
0,7179
2,7179
0,7186
1,7186
1,7190
2,7190
0,7194
2,7194
0,7201
1,7201
1,7206
2,7206
0,7210
2,7210
0,7216
1,7216
1,7220
2,7220
0,7224
2,7224
0,7232
1,7232
1,7235
2,7235
0,7239
2,7239
0,7246
1,7246
1,7250
2,7250
0,7255
2,7255
0,7261
1,7261
1,7265
2,7265
0,7269
2,7269
0,7277
1,7277
1,7281
2,7281
0,7284
2,7284
0,7291
1,7291
1,7295
2,7295
0,7299
2,7299
0,7306
1,7306
1,7310
2,7310
0,7314
2,7314
0,7321
1,7321
1,7325
2,7325
0,7330
2,7330
0,7336
1,7336
1,7340
2,7340
0,7344
2,7344
0,7352
1,7352
1,7356
2,7356
0,7359
2,7359
0,7366
1,7366
1,7370
2,7370
0,7374
2,7374
0,7381
1,7381
1,7385
2,7385
0,7389
2,7389
0,7396
1,7396
1,7401
2,7401
0,7405
2,7405
0,7411
1,7411
1,7415
2,7415
0,7419
2,7419
0,7427
1,7427
1,7430
2,7430
0,7434
2,7434
0,7441
1,7441
1,7445
2,7445
0,7449
2,7449
0,7456
1,7456
1,7460
2,7460
0,7464
2,7464
0,7472
1,7472
1,7476
2,7476
0,7480
2,7480
0,7486
1,7486
1,7490
2,7490
0,7494
2,7494
0,7501
1,7501
1,7505
2,7505
0,7509
2,7509
0,7516
1,7516
1,7520
2,7520
0,7525
2,7525
0,7531
1,7531
1,7535
2,7535
0,7539
2,7539
0,7547
1,7547
1,7551
2,7551
0,7554
2,7554
0,7561
1,7561
1,7565
2,7565
0,7569
2,7569
0,7576
1,7576
1,7580
2,7580
0,7584
2,7584
0,7591
1,7591
1,7596
2,7596
0,7600
2,7600
0,7606
1,7606
1,7610
2,7610
0,7614
2,7614
0,7622
1,7622
1,7625
2,7625
0,7629
2,7629
0,7636
1,7636
1,7640
2,7640
0,7644
2,7644
0,7651
1,7651
1,7655
2,7655
0,7659
2,7659
0,7666
1,7666
1,7671
2,7671
0,7675
2,7675
0,7681
1,7681
1,7685
2,7685
0,7689
2,7689
0,7697
1,7697
1,7700
2,7700
0,7704
2,7704
0,7711
1,7711
1,7715
2,7715
0,7720
2,7720
0,7726
1,7726
1,7730
2,7730
0,7734
2,7734
0,7742
1,7742
1,7746
2,7746
0,7749
2,7749
0,7756
1,7756
1,7760
2,7760
0,7764
2,7764
0,7771
1,7771
1,7775
2,7775
0,7779
2,7779
0,7786
1,7786
1,7790
2,7790
0,7795
2,7795
0,7801
1,7801
1,7805
2,7805
0,7809
2,7809
0,7817
1,7817
1,7821
2,7821
0,7824
2,7824
0,7831
1,7831
1,7835
2,7835
0,7839
2,7839
0,7846
1,7846
1,7850
2,7850
0,7854
2,7854
0,7861
1,7861
1,7866
2,7866
0,7870
2,7870
0,7876
1,7876
1,7880
2,7880
0,7884
2,7884
0,7892
1,7892
1,7895
2,7895
0,7899
2,7899
0,7906
1,7906
1,7910
2,7910
0,7914
2,7914
0,7921
1,7921
1,7925
2,7925
0,7929
2,7929
0,7937
1,7937
1,7941
2,7941
0,7945
2,7945
0,7951
1,7951
1,7955
2,7955
0,7959
2,7959
0,7966
1,7966
1,7970
2,7970
0,7974
2,7974
0,7981
1,7981
1,7985
2,7985
0,7990
2,7990
0,7996
1,7996
1,8000
2,8000
0,8004
2,8004
0,8012
1,8012
1,8016
2,8016
0,8019
2,8019
0,8026
1,8026
1,8030
2,8030
0,8034
2,8034
0,8041
1,8041
1,8045
2,8045
0,8049
2,8049
0,8056
1,8056
1,8061
2,8061
0,8065
2,8065
0,8071
1,8071
1,8075
2,8075
0,8079
2,8079
0,8087
1,8087
1,8090
2,8090
0,8094
2,8094
0,8101
1,8101
1,8105
2,8105
0,8109
2,8109
0,8116
1,8116
1,8120
2,8120
0,8124
2,8124
0,8131
1,8131
1,8136
2,8136
0,8140
2,8140
0,8146
1,8146
1,8150
2,8150
0,8154
2,8154
0,8162
1,8162
1,8165
2,8165
0,8169
2,8169
0,8176
1,8176
1,8180
2,8180
0,8185
2,8185
0,8191
1,8191
1,8195
2,8195
0,8199
2,8199
0,8207
1,8207
1,8211
2,8211
0,8214
2,8214
0,8221
1,8221
1,8225
2,8225
0,8229
2,8229
0,8236
1,8236
1,8240
2,8240
0,8244
2,8244
0,8251
1,8251
1,8255
2,8255
0,8260
2,8260
0,8266
1,8266
1,8270
2,8270
0,8274
2,8274
0,8282
1,8282
1,8286
2,8286
0,8289
2,8289
0,8296
1,8296
1,8300
2,8300
0,8304
2,8304
0,8311
1,8311
1,8315
2,8315
0,8319
2,8319
0,8326
1,8326
1,8331
2,8331
0,8335
2,8335
0,8341
1,8341
1,8345
2,8345
0,8349
2,8349
0,8357
1,8357
1,8360
2,8360
0,8364
2,8364
0,8371
1,8371
1,8375
2,8375
0,8379
2,8379
0,8386
1,8386
1,8390
2,8390
0,8394
2,8394
0,8402
1,8402
1,8406
2,8406
0,8410
2,8410
0,8416
1,8416
1,8420
2,8420
0,8424
2,8424
0,8431
1,8431
1,8435
2,8435
0,8439
2,8439
0,8446
1,8446
1,8450
2,8450
0,8455
2,8455
0,8461
1,8461
1,8465
2,8465
0,8469
2,8469
0,8477
1,8477
1,8481
2,8481
0,8484
2,8484
0,8491
1,8491
1,8495
2,8495
0,8499
2,8499
0,8506
1,8506
1,8510
2,8510
0,8514
2,8514
0,8521
1,8521
1,8526
2,8526
0,8530
2,8530
0,8536
1,8536
1,8540
2,8540
0,8544
2,8544
0,8552
1,8552
1,8555
2,8555
0,8559
2,8559
0,8566
1,8566
1,8570
2,8570
0,8574
2,8574
0,8581
1,8581
1,8585
2,8585
0,8589
2,8589
0,8596
1,8596
1,8601
2,8601
0,8605
2,8605
0,8611
1,8611
1,8615
2,8615
0,8619
2,8619
0,8627
1,8627
1,8630
2,8630
0,8634
2,8634
0,8641
1,8641
1,8645
2,8645
0,8650
2,8650
0,8656
1,8656
1,8660
2,8660
0,8664
2,8664
0,8672
1,8672
1,8676
2,8676
0,8679
2,8679
0,8686
1,8686
1,8690
2,8690
0,8694
2,8694
0,8701
1,8701
1,8705
2,8705
0,8709
2,8709
0,8716
1,8716
1,8720
2,8720
0,8725
2,8725
0,8731
1,8731
1,8735
2,8735
0,8739
2,8739
0,8747
1,8747
1,8751
2,8751
0,8754
2,8754
0,8761
1,8761
1,8765
2,8765
0,8769
2,8769
0,8776
1,8776
1,8780
2,8780
0,8784
2,8784
0,8791
1,8791
1,8796
2,8796
0,8800
2,8800
0,8806
1,8806
1,8810
2,8810
0,8814
2,8814
0,8822
1,8822
1,8825
2,8825
0,8829
2,8829
0,8836
1,8836
1,8840
2,8840
0,8844
2,8844
0,8851
1,8851
1,8855
2,8855
0,8859
2,8859
0,8867
1,8867
1,8871
2,8871
0,8875
2,8875
0,8881
1,8881
1,8885
2,8885
0,8889
2,8889
0,8896
1,8896
1,8900
2,8900
0,8904
2,8904
0,8911
1,8911
1,8915
2,8915
0,8920
2,8920
0,8926
1,8926
1,8930
2,8930
0,8934
2,8934
0,8942
1,8942
1,8946
2,8946
0,8949
2,8949
0,8956
1,8956
1,8960
2,8960
0,8964
2,8964
0,8971
1,8971
1,8975
2,8975
0,8979
2,8979
0,8986
1,8986
1,8991
2,8991
0,8995
2,8995
0,9001
1,9001
1,9005
2,9005
0,9009
2,9009
0,9017
1,9017
1,9020
2,9020
0,9024
2,9024
0,9031
1,9031
1,9035
2,9035
0,9039
2,9039
0,9046
1,9046
1,9050
2,9050
0,9054
2,9054
0,9061
1,9061
1,9066
2,9066
0,9070
2,9070
0,9076
1,9076
1,9080
2,9080
0,9084
2,9084
0,9092
1,9092
1,9095
2,9095
0,9099
2,9099
0,9106
1,9106
1,9110
2,9110
0,9115
2,9115
0,9121
1,9121
1,9125
2,9125
0,9129
2,9129
0,9137
1,9137
1,9141
2,9141
0,9144
2,9144
0,9151
1,9151
1,9155
2,9155
0,9159
2,9159
0,9166
1,9166
1,9170
2,9170
0,9174
2,9174
0,9181
1,9181
1,9185
2,9185
0,9190
2,9190
0,9196
1,9196
1,9200
2,9200
0,9204
2,9204
0,9212
1,9212
1,9216
2,9216
0,9219
2,9219
0,9226
1,9226
1,9230
2,9230
0,9234
2,9234
0,9241
1,9241
1,9245
2,9245
0,9249
2,9249
0,9256
1,9256
1,9261
2,9261
0,9265
2,9265
0,9271
1,9271
1,9275
2,9275
0,9279
2,9279
0,9287
1,9287
1,9290
2,9290
0,9294
2,9294
0,9301
1,9301
1,9305
2,9305
0,9309
2,9309
0,9316
1,9316
1,9320
2,9320
0,9324
2,9324
0,9332
1,9332
1,9336
2,9336
0,9340
2,9340
0,9346
1,9346
1,9350
2,9350
0,9354
2,9354
0,9361
1,9361
1,9365
2,9365
0,9369
2,9369
0,9376
1,9376
1,9380
2,9380
0,9385
2,9385
0,9391
1,9391
1,9395
2,9395
0,9399
2,9399
0,9407
1,9407
1,9411
2,9411
0,9414
2,9414
0,9421
1,9421
1,9425
2,9425
0,9429
2,9429
0,9436
1,9436
1,9440
2,9440
0,9444
2,9444
0,9451
1,9451
1,9456
2,9456
0,9460
2,9460
0,9466
1,9466
1,9470
2,9470
0,9474
2,9474
0,9482
1,9482
1,9485
2,9485
0,9489
2,9489
0,9496
1,9496
1,9500
2,9500
0,9504
2,9504
0,9511
1,9511
1,9515
2,9515
0,9519
2,9519
0,9526
1,9526
1,9531
2,9531
0,9535
2,9535
0,9541
1,9541
1,9545
2,9545
0,9549
2,9549
0,9557
1,9557
1,9560
2,9560
0,9564
2,9564
0,9571
1,9571
1,9575
2,9575
0,9580
2,9580
0,9586
1,9586
1,9590
2,9590
0,9594
2,9594
0,9602
1,9602
1,9606
2,9606
0,9609
2,9609
0,9616
1,9616
1,9620
2,9620
0,9624
2,9624
0,9631
1,9631
1,9635
2,9635
0,9639
2,9639
0,9646
1,9646
1,9650
2,9650
0,9655
2,9655
0,9661
1,9661
1,9665
2,9665
0,9669
2,9669
0,9677
1,9677
1,9681
2,9681
0,9684
2,9684
0,9691
1,9691
1,9695
2,9695
0,9699
2,9699
0,9706
1,9706
1,9710
2,9710
0,9714
2,9714
0,9721
1,9721
1,9726
2,9726
0,9730
2,9730
0,9736
1,9736
1,9740
2,9740
0,9744
2,9744
0,9752
1,9752
1,9755
2,9755
0,9759
2,9759
0,9766
1,9766
1,9770
2,9770
0,9774
2,9774
0,9781
1,9781
1,9785
2,9785
0,9789
2,9789
0,9797
1,9797
1,9801
2,9801
0,9805
2,9805
0,9811
1,9811
1,9815
2,9815
0,9819
2,9819
0,9826
1,9826
1,9830
2,9830
0,9834
2,9834
0,9841
1,9841
1,9845
2,9845
0,9850
2,9850
0,9856
1,9856
1,9860
2,9860
0,9864
2,9864
0,9872
1,9872
1,9876
2,9876
0,9879
2,9879
0,9886
1,9886
1,9890
2,9890
0,9894
2,9894
0,9901
1,9901
1,9905
2,9905
0,9909
2,9909
0,9916
1,9916
1,9921
2,9921
0,9925
2,9925
0,9931
1,9931
1,9935
2,9935
0,9939
2,9939
0,9947
1,9947
1,9950
2,9950
0,9954
2,9954
0,9961
1,9961
1,9965
2,9965
0,9969
2,9969
0,9976
1,9976
1,9980
2,9980
0,9984
2,9984
0,9991
1,9991
1,9996
2,9996
0,10000
2,10000
0,10006
1,10006
1,10010
2,10010
0,10014
2,10014
0,10022
1,10022
1,10025
2,10025
0,10029
2,10029
0,10036
1,10036
1,10040
2,10040
0,10045
2,10045
0,10051
1,10051
1,10055
2,10055
0,10059
2,10059
0,10067
1,10067
1,10071
2,10071
0,10074
2,10074
0,10081
1,10081
1,10085
2,10085
0,10089
2,10089
0,10096
1,10096
1,10100
2,10100
0,10104
2,10104
0,10111
1,10111
1,10115
2,10115
0,10120
2,10120
0,10126
1,10126
1,10130
2,10130
0,10134
2,10134
0,10142
1,10142
1,10146
2,10146
0,10149
2,10149
0,10156
1,10156
1,10160
2,10160
0,10164
2,10164
0,10171
1,10171
1,10175
2,10175
0,10179
2,10179
0,10186
1,10186
1,10191
2,10191
0,10195
2,10195
0,10201
1,10201
1,10205
2,10205
0,10209
2,10209
0,10217
1,10217
1,10220
2,10220
0,10224
2,10224
0,10231
1,10231
1,10235
2,10235
0,10239
2,10239
0,10246
1,10246
1,10250
2,10250
0,10254
2,10254
0,10262
1,10262
1,10266
2,10266
0,10270
2,10270
0,10276
1,10276
1,10280
2,10280
0,10284
2,10284
0,10291
1,10291
1,10295
2,10295
0,10299
2,10299
0,10306
1,10306
1,10310
2,10310
0,10315
2,10315
0,10321
1,10321
1,10325
2,10325
0,10329
2,10329
0,10337
1,10337
1,10341
2,10341
0,10344
2,10344
0,10351
1,10351
1,10355
2,10355
0,10359
2,10359
0,10366
1,10366
1,10370
2,10370
0,10374
2,10374
0,10381
1,10381
1,10386
2,10386
0,10390
2,10390
0,10396
1,10396
1,10400
2,10400
0,10404
2,10404
0,10412
1,10412
1,10415
2,10415
0,10419
2,10419
0,10426
1,10426
1,10430
2,10430
0,10434
2,10434
0,10441
1,10441
1,10445
2,10445
0,10449
2,10449
0,10456
1,10456
1,10461
2,10461
0,10465
2,10465
0,10471
1,10471
1,10475
2,10475
0,10479
2,10479
0,10487
1,10487
1,10490
2,10490
0,10494
2,10494
0,10501
1,10501
1,10505
2,10505
0,10510
2,10510
0,10516
1,10516
1,10520
2,10520
0,10524
2,10524
0,10532
1,10532
1,10536
2,10536
0,10539
2,10539
0,10546
1,10546
1,10550
2,10550
0,10554
2,10554
0,10561
1,10561
1,10565
2,10565
0,10569
2,10569
0,10576
1,10576
1,10580
2,10580
0,10585
2,10585
0,10591
1,10591
1,10595
2,10595
0,10599
2,10599
0,10607
1,10607
1,10611
2,10611
0,10614
2,10614
0,10621
1,10621
1,10625
2,10625
0,10629
2,10629
0,10636
1,10636
1,10640
2,10640
0,10644
2,10644
0,10651
1,10651
1,10656
2,10656
0,10660
2,10660
0,10666
1,10666
1,10670
2,10670
0,10674
2,10674
0,10682
1,10682
1,10685
2,10685
0,10689
2,10689
0,10696
1,10696
1,10700
2,10700
0,10704
2,10704
0,10711
1,10711
1,10715
2,10715
0,10719
2,10719
0,10727
1,10727
1,10731
2,10731
0,10735
2,10735
0,10741
1,10741
1,10745
2,10745
0,10749
2,10749
0,10756
1,10756
1,10760
2,10760
0,10764
2,10764
0,10771
1,10771
1,10775
2,10775
0,10780
2,10780
0,10786
1,10786
1,10790
2,10790
0,10794
2,10794
0,10802
1,10802
1,10806
2,10806
0,10809
2,10809
0,10816
1,10816
1,10820
2,10820
0,10824
2,10824
0,10831
1,10831
1,10835
2,10835
0,10839
2,10839
0,10846
1,10846
1,10851
2,10851
0,10855
2,10855
0,10861
1,10861
1,10865
2,10865
0,10869
2,10869
0,10877
1,10877
1,10880
2,10880
0,10884
2,10884
0,10891
1,10891
1,10895
2,10895
0,10899
2,10899
0,10906
1,10906
1,10910
2,10910
0,10914
2,10914
0,10921
1,10921
1,10926
2,10926
0,10930
2,10930
0,10936
1,10936
1,10940
2,10940
0,10944
2,10944
0,10952
1,10952
1,10955
2,10955
0,10959
2,10959
0,10966
1,10966
1,10970
2,10970
0,10975
2,10975
0,10981
1,10981
1,10985
2,10985
0,10989
2,10989
0,10997
1,10997
1,11001
2,11001
0,11004
2,11004
0,11011
1,11011
1,11015
2,11015
0,11019
2,11019
0,11026
1,11026
1,11030
2,11030
0,11034
2,11034
0,11041
1,11041
1,11045
2,11045
0,11050
2,11050
0,11056
1,11056
1,11060
2,11060
0,11064
2,11064
0,11072
1,11072
1,11076
2,11076
0,11079
2,11079
0,11086
1,11086
1,11090
2,11090
0,11094
2,11094
0,11101
1,11101
1,11105
2,11105
0,11109
2,11109
0,11116
1,11116
1,11121
2,11121
0,11125
2,11125
0,11131
1,11131
1,11135
2,11135
0,11139
2,11139
0,11147
1,11147
1,11150
2,11150
0,11154
2,11154
0,11161
1,11161
1,11165
2,11165
0,11169
2,11169
0,11176
1,11176
1,11180
2,11180
0,11184
2,11184
0,11192
1,11192
1,11196
2,11196
0,11200
2,11200
0,11206
1,11206
1,11210
2,11210
0,11214
2,11214
0,11221
1,11221
1,11225
2,11225
0,11229
2,11229
0,11236
1,11236
1,11240
2,11240
0,11245
2,11245
0,11251
1,11251
1,11255
2,11255
0,11259
2,11259
0,11267
1,11267
1,11271
2,11271
0,11274
2,11274
0,11281
1,11281
1,11285
2,11285
0,11289
2,11289
0,11296
1,11296
1,11300
2,11300
0,11304
2,11304
0,11311
1,11311
1,11316
2,11316
0,11320
2,11320
0,11326
1,11326
1,11330
2,11330
0,11334
2,11334
0,11342
1,11342
1,11345
2,11345
0,11349
2,11349
0,11356
1,11356
1,11360
2,11360
0,11364
2,11364
0,11371
1,11371
1,11375
2,11375
0,11379
2,11379
0,11386
1,11386
1,11391
2,11391
0,11395
2,11395
0,11401
1,11401
1,11405
2,11405
0,11409
2,11409
0,11417
1,11417
1,11420
2,11420
0,11424
2,11424
0,11431
1,11431
1,11435
2,11435
0,11440
2,11440
0,11446
1,11446
1,11450
2,11450
0,11454
2,11454
0,11462
1,11462
1,11466
2,11466
0,11469
2,11469
0,11476
1,11476
1,11480
2,11480
0,11484
2,11484
0,11491
1,11491
1,11495
2,11495
0,11499
2,11499
0,11506
1,11506
1,11510
2,11510
0,11515
2,11515
0,11521
1,11521
1,11525
2,11525
0,11529
2,11529
0,11537
1,11537
1,11541
2,11541
0,11544
2,11544
0,11551
1,11551
1,11555
2,11555
0,11559
2,11559
0,11566
1,11566
1,11570
2,11570
0,11574
2,11574
0,11581
1,11581
1,11586
2,11586
0,11590
2,11590
0,11596
1,11596
1,11600
2,11600
0,11604
2,11604
0,11612
1,11612
1,11615
2,11615
0,11619
2,11619
0,11626
1,11626
1,11630
2,11630
0,11634
2,11634
0,11641
1,11641
1,11645
2,11645
0,11649
2,11649
0,11657
1,11657
1,11661
2,11661
0,11665
2,11665
0,11671
1,11671
1,11675
2,11675
0,11679
2,11679
0,11686
1,11686
1,11690
2,11690
0,11694
2,11694
0,11701
1,11701
1,11705
2,11705
0,11710
2,11710
0,11716
1,11716
1,11720
2,11720
0,11724
2,11724
0,11732
1,11732
1,11736
2,11736
0,11739
2,11739
0,11746
1,11746
1,11750
2,11750
0,11754
2,11754
0,11761
1,11761
1,11765
2,11765
0,11769
2,11769
0,11776
1,11776
1,11781
2,11781
0,11785
2,11785
0,11791
1,11791
1,11795
2,11795
0,11799
2,11799
0,11807
1,11807
1,11810
2,11810
0,11814
2,11814
0,11821
1,11821
1,11825
2,11825
0,11829
2,11829
0,11836
1,11836
1,11840
2,11840
0,11844
2,11844
0,11851
1,11851
1,11856
2,11856
0,11860
2,11860
0,11866
1,11866
1,11870
2,11870
0,11874
2,11874
0,11882
1,11882
1,11885
2,11885
0,11889
2,11889
0,11896
1,11896
1,11900
2,11900
0,11905
2,11905
0,11911
1,11911
1,11915
2,11915
0,11919
2,11919
0,11927
1,11927
1,11931
2,11931
0,11934
2,11934
0,11941
1,11941
1,11945
2,11945
0,11949
2,11949
0,11956
1,11956
1,11960
2,11960
0,11964
2,11964
0,11971
1,11971
1,11975
2,11975
0,11980
2,11980
0,11986
1,11986
1,11990
2,11990
0,11994
2,11994
0,12002
1,12002
1,12006
2,12006
0,12009
2,12009
0,12016
1,12016
1,12020
2,12020
0,12024
2,12024
0,12031
1,12031
1,12035
2,12035
0,12039
2,12039
0,12046
1,12046
1,12051
2,12051
0,12055
2,12055
0,12061
1,12061
1,12065
2,12065
0,12069
2,12069
0,12077
1,12077
1,12080
2,12080
0,12084
2,12084
0,12091
1,12091
1,12095
2,12095
0,12099
2,12099
0,12106
1,12106
1,12110
2,12110
0,12114
2,12114
0,12122
1,12122
1,12126
2,12126
0,12130
2,12130
0,12136
1,12136
1,12140
2,12140
0,12144
2,12144
0,12151
1,12151
1,12155
2,12155
0,12159
2,12159
0,12166
1,12166
1,12170
2,12170
0,12175
2,12175
0,12181
1,12181
1,12185
2,12185
0,12189
2,12189
0,12197
1,12197
1,12201
2,12201
0,12204
2,12204
0,12211
1,12211
1,12215
2,12215
0,12219
2,12219
0,12226
1,12226
1,12230
2,12230
0,12234
2,12234
0,12241
1,12241
1,12246
2,12246
0,12250
2,12250
0,12256
1,12256
1,12260
2,12260
0,12264
2,12264
0,12272
1,12272
1,12275
2,12275
0,12279
2,12279
0,12286
1,12286
1,12290
2,12290
0,12294
2,12294
0,12301
1,12301
1,12305
2,12305
0,12309
2,12309
0,12316
1,12316
1,12321
2,12321
0,12325
2,12325
0,12331
1,12331
1,12335
2,12335
0,12339
2,12339
0,12347
1,12347
1,12350
2,12350
0,12354
2,12354
0,12361
1,12361
1,12365
2,12365
0,12370
2,12370
0,12376
1,12376
1,12380
2,12380
0,12384
2,12384
0,12392
1,12392
1,12396
2,12396
0,12399
2,12399
0,12406
1,12406
1,12410
2,12410
0,12414
2,12414
0,12421
1,12421
1,12425
2,12425
0,12429
2,12429
0,12436
1,12436
1,12440
2,12440
0,12445
2,12445
0,12451
1,12451
1,12455
2,12455
0,12459
2,12459
0,12467
1,12467
1,12471
2,12471
0,12474
2,12474
0,12481
1,12481
1,12485
2,12485
0,12489
2,12489
0,12496
1,12496
1,12500
2,12500
0,12504
2,12504
0,12511
1,12511
1,12516
2,12516
0,12520
2,12520
0,12526
1,12526
1,12530
2,12530
0,12534
2,12534
0,12542
1,12542
1,12545
2,12545
0,12549
2,12549
0,12556
1,12556
1,12560
2,12560
0,12564
2,12564
0,12571
1,12571
1,12575
2,12575
0,12579
2,12579
0,12587
1,12587
1,12591
2,12591
0,12595
2,12595
0,12601
1,12601
1,12605
2,12605
0,12609
2,12609
0,12616
1,12616
1,12620
2,12620
0,12624
2,12624
0,12631
1,12631
1,12635
2,12635
0,12640
2,12640
0,12646
1,12646
1,12650
2,12650
0,12654
2,12654
0,12662
1,12662
1,12666
2,12666
0,12669
2,12669
0,12676
1,12676
1,12680
2,12680
0,12684
2,12684
0,12691
1,12691
1,12695
2,12695
0,12699
2,12699
0,12706
1,12706
1,12711
2,12711
0,12715
2,12715
0,12721
1,12721
1,12725
2,12725
0,12729
2,12729
0,12737
1,12737
1,12740
2,12740
0,12744
2,12744
0,12751
1,12751
1,12755
2,12755
0,12759
2,12759
0,12766
1,12766
1,12770
2,12770
0,12774
2,12774
0,12781
1,12781
1,12786
2,12786
0,12790
2,12790
0,12796
1,12796
1,12800
2,12800
0,12804
2,12804
0,12812
1,12812
1,12815
2,12815
0,12819
2,12819
0,12826
1,12826
1,12830
2,12830
0,12835
2,12835
0,12841
1,12841
1,12845
2,12845
0,12849
2,12849
0,12857
1,12857
1,12861
2,12861
0,12864
2,12864
0,12871
1,12871
1,12875
2,12875
0,12879
2,12879
0,12886
1,12886
1,12890
2,12890
0,12894
2,12894
0,12901
1,12901
1,12905
2,12905
0,12910
2,12910
0,12916
1,12916
1,12920
2,12920
0,12924
2,12924
0,12932
1,12932
1,12936
2,12936
0,12939
2,12939
0,12946
1,12946
1,12950
2,12950
0,12954
2,12954
0,12961
1,12961
1,12965
2,12965
0,12969
2,12969
0,12976
1,12976
1,12981
2,12981
0,12985
2,12985
0,12991
1,12991
1,12995
2,12995
0,12999
2,12999
0,13007
1,13007
1,13010
2,13010
0,13014
2,13014
0,13021
1,13021
1,13025
2,13025
0,13029
2,13029
0,13036
1,13036
1,13040
2,13040
0,13044
2,13044
0,13052
1,13052
1,13056
2,13056
0,13060
2,13060
0,13066
1,13066
1,13070
2,13070
0,13074
2,13074
0,13081
1,13081
1,13085
2,13085
0,13089
2,13089
0,13096
1,13096
1,13100
2,13100
0,13105
2,13105
0,13111
1,13111
1,13115
2,13115
0,13119
2,13119
0,13127
1,13127
1,13131
2,13131
0,13134
2,13134
0,13141
1,13141
1,13145
2,13145
0,13149
2,13149
0,13156
1,13156
1,13160
2,13160
0,13164
2,13164
0,13171
1,13171
1,13176
2,13176
0,13180
2,13180
0,13186
1,13186
1,13190
2,13190
0,13194
2,13194
0,13202
1,13202
1,13205
2,13205
0,13209
2,13209
0,13216
1,13216
1,13220
2,13220
0,13224
2,13224
0,13231
1,13231
1,13235
2,13235
0,13239
2,13239
0,13246
1,13246
1,13251
2,13251
0,13255
2,13255
0,13261
1,13261
1,13265
2,13265
0,13269
2,13269
0,13277
1,13277
1,13280
2,13280
0,13284
2,13284
0,13291
1,13291
1,13295
2,13295
0,13300
2,13300
0,13306
1,13306
1,13310
2,13310
0,13314
2,13314
0,13322
1,13322
1,13326
2,13326
0,13329
2,13329
0,13336
1,13336
1,13340
2,13340
0,13344
2,13344
0,13351
1,13351
1,13355
2,13355
0,13359
2,13359
0,13366
1,13366
1,13370
2,13370
0,13375
2,13375
0,13381
1,13381
1,13385
2,13385
0,13389
2,13389
0,13397
1,13397
1,13401
2,13401
0,13404
2,13404
0,13411
1,13411
1,13415
2,13415
0,13419
2,13419
0,13426
1,13426
1,13430
2,13430
0,13434
2,13434
0,13441
1,13441
1,13446
2,13446
0,13450
2,13450
0,13456
1,13456
1,13460
2,13460
0,13464
2,13464
0,13472
1,13472
1,13475
2,13475
0,13479
2,13479
0,13486
1,13486
1,13490
2,13490
0,13494
2,13494
0,13501
1,13501
1,13505
2,13505
0,13509
2,13509
0,13517
1,13517
1,13521
2,13521
0,13525
2,13525
0,13531
1,13531
1,13535
2,13535
0,13539
2,13539
0,13546
1,13546
1,13550
2,13550
0,13554
2,13554
0,13561
1,13561
1,13565
2,13565
0,13570
2,13570
0,13576
1,13576
1,13580
2,13580
0,13584
2,13584
0,13592
1,13592
1,13596
2,13596
0,13599
2,13599
0,13606
1,13606
1,13610
2,13610
0,13614
2,13614
0,13621
1,13621
1,13625
2,13625
0,13629
2,13629
0,13636
1,13636
1,13641
2,13641
0,13645
2,13645
0,13651
1,13651
1,13655
2,13655
0,13659
2,13659
0,13667
1,13667
1,13670
2,13670
0,13674
2,13674
0,13681
1,13681
1,13685
2,13685
0,13689
2,13689
0,13696
1,13696
1,13700
2,13700
0,13704
2,13704
0,13711
1,13711
1,13716
2,13716
0,13720
2,13720
0,13726
1,13726
1,13730
2,13730
0,13734
2,13734
0,13742
1,13742
1,13745
2,13745
0,13749
2,13749
0,13756
1,13756
1,13760
2,13760
0,13765
2,13765
0,13771
1,13771
1,13775
2,13775
0,13779
2,13779
0,13787
1,13787
1,13791
2,13791
0,13794
2,13794
0,13801
1,13801
1,13805
2,13805
0,13809
2,13809
0,13816
1,13816
1,13820
2,13820
0,13824
2,13824
0,13831
1,13831
1,13835
2,13835
0,13840
2,13840
0,13846
1,13846
1,13850
2,13850
0,13854
2,13854
0,13862
1,13862
1,13866
2,13866
0,13869
2,13869
0,13876
1,13876
1,13880
2,13880
0,13884
2,13884
0,13891
1,13891
1,13895
2,13895
0,13899
2,13899
0,13906
1,13906
1,13911
2,13911
0,13915
2,13915
0,13921
1,13921
1,13925
2,13925
0,13929
2,13929
0,13937
1,13937
1,13940
2,13940
0,13944
2,13944
0,13951
1,13951
1,13955
2,13955
0,13959
2,13959
0,13966
1,13966
1,13970
2,13970
0,13974
2,13974
0,13982
1,13982
1,13986
2,13986
0,13990
2,13990
0,13996
1,13996
1,14000
2,14000
0,14004
2,14004
0,14011
1,14011
1,14015
2,14015
0,14019
2,14019
0,14026
1,14026
1,14030
2,14030
0,14035
2,14035
0,14041
1,14041
1,14045
2,14045
0,14049
2,14049
0,14057
1,14057
1,14061
2,14061
0,14064
2,14064
0,14071
1,14071
1,14075
2,14075
0,14079
2,14079
0,14086
1,14086
1,14090
2,14090
0,14094
2,14094
0,14101
1,14101
1,14106
2,14106
0,14110
2,14110
0,14116
1,14116
1,14120
2,14120
0,14124
2,14124
0,14132
1,14132
1,14135
2,14135
0,14139
2,14139
0,14146
1,14146
1,14150
2,14150
0,14154
2,14154
0,14161
1,14161
1,14165
2,14165
0,14169
2,14169
0,14176
1,14176
1,14181
2,14181
0,14185
2,14185
0,14191
1,14191
1,14195
2,14195
0,14199
2,14199
0,14207
1,14207
1,14210
2,14210
0,14214
2,14214
0,14221
1,14221
1,14225
2,14225
0,14230
2,14230
0,14236
1,14236
1,14240
2,14240
0,14244
2,14244
0,14252
1,14252
1,14256
2,14256
0,14259
2,14259
0,14266
1,14266
1,14270
2,14270
0,14274
2,14274
0,14281
1,14281
1,14285
2,14285
0,14289
2,14289
0,14296
1,14296
1,14300
2,14300
0,14305
2,14305
0,14311
1,14311
1,14315
2,14315
0,14319
2,14319
0,14327
1,14327
1,14331
2,14331
0,14334
2,14334
0,14341
1,14341
1,14345
2,14345
0,14349
2,14349
0,14356
1,14356
1,14360
2,14360
0,14364
2,14364
0,14371
1,14371
1,14376
2,14376
0,14380
2,14380
0,14386
1,14386
1,14390
2,14390
0,14394
2,14394
0,14402
1,14402
1,14405
2,14405
0,14409
2,14409
0,14416
1,14416
1,14420
2,14420
0,14424
2,14424
0,14431
1,14431
1,14435
2,14435
0,14439
2,14439
0,14447
1,14447
1,14451
2,14451
0,14455
2,14455
0,14461
1,14461
1,14465
2,14465
0,14469
2,14469
0,14476
1,14476
1,14480
2,14480
0,14484
2,14484
0,14491
1,14491
1,14495
2,14495
0,14500
2,14500
0,14506
1,14506
1,14510
2,14510
0,14514
2,14514
0,14522
1,14522
1,14526
2,14526
0,14529
2,14529
0,14536
1,14536
1,14540
2,14540
0,14544
2,14544
0,14551
1,14551
1,14555
2,14555
0,14559
2,14559
0,14566
1,14566
1,14571
2,14571
0,14575
2,14575
0,14581
1,14581
1,14585
2,14585
0,14589
2,14589
0,14597
1,14597
1,14600
2,14600
0,14604
2,14604
0,14611
1,14611
1,14615
2,14615
0,14619
2,14619
0,14626
1,14626
1,14630
2,14630
0,14634
2,14634
0,14641
1,14641
1,14646
2,14646
0,14650
2,14650
0,14656
1,14656
1,14660
2,14660
0,14664
2,14664
0,14672
1,14672
1,14675
2,14675
0,14679
2,14679
0,14686
1,14686
1,14690
2,14690
0,14695
2,14695
0,14701
1,14701
1,14705
2,14705
0,14709
2,14709
0,14717
1,14717
1,14721
2,14721
0,14724
2,14724
0,14731
1,14731
1,14735
2,14735
0,14739
2,14739
0,14746
1,14746
1,14750
2,14750
0,14754
2,14754
0,14761
1,14761
1,14765
2,14765
0,14770
2,14770
0,14776
1,14776
1,14780
2,14780
0,14784
2,14784
0,14792
1,14792
1,14796
2,14796
0,14799
2,14799
0,14806
1,14806
1,14810
2,14810
0,14814
2,14814
0,14821
1,14821
1,14825
2,14825
0,14829
2,14829
0,14836
1,14836
1,14841
2,14841
0,14845
2,14845
0,14851
1,14851
1,14855
2,14855
0,14859
2,14859
0,14867
1,14867
1,14870
2,14870
0,14874
2,14874
0,14881
1,14881
1,14885
2,14885
0,14889
2,14889
0,14896
1,14896
1,14900
2,14900
0,14904
2,14904
0,14912
1,14912
1,14916
2,14916
0,14920
2,14920
0,14926
1,14926
1,14930
2,14930
0,14934
2,14934
0,14941
1,14941
1,14945
2,14945
0,14949
2,14949
0,14956
1,14956
1,14960
2,14960
0,14965
2,14965
0,14971
1,14971
1,14975
2,14975
0,14979
2,14979
0,14987
1,14987
1,14991
2,14991
0,14994
2,14994
0,15001
1,15001
1,15005
2,15005
0,15009
2,15009
0,15016
1,15016
1,15020
2,15020
0,15024
2,15024
0,15031
1,15031
1,15036
2,15036
0,15040
2,15040
0,15046
1,15046
1,15050
2,15050
0,15054
2,15054
0,15062
1,15062
1,15065
2,15065
0,15069
2,15069
0,15076
1,15076
1,15080
2,15080
0,15084
2,15084
0,15091
1,15091
1,15095
2,15095
0,15099
2,15099
0,15106
1,15106
1,15111
2,15111
0,15115
2,15115
0,15121
1,15121
1,15125
2,15125
0,15129
2,15129
0,15137
1,15137
1,15140
2,15140
0,15144
2,15144
0,15151
1,15151
1,15155
2,15155
0,15160
2,15160
0,15166
1,15166
1,15170
2,15170
0,15174
2,15174
0,15182
1,15182
1,15186
2,15186
0,15189
2,15189
0,15196
1,15196
1,15200
2,15200
0,15204
2,15204
0,15211
1,15211
1,15215
2,15215
0,15219
2,15219
0,15226
1,15226
1,15230
2,15230
0,15235
2,15235
0,15241
1,15241
1,15245
2,15245
0,15249
2,15249
0,15257
1,15257
1,15261
2,15261
0,15264
2,15264
0,15271
1,15271
1,15275
2,15275
0,15279
2,15279
0,15286
1,15286
1,15290
2,15290
0,15294
2,15294
0,15301
1,15301
1,15306
2,15306
0,15310
2,15310
0,15316
1,15316
1,15320
2,15320
0,15324
2,15324
0,15332
1,15332
1,15335
2,15335
0,15339
2,15339
0,15346
1,15346
1,15350
2,15350
0,15354
2,15354
0,15361
1,15361
1,15365
2,15365
0,15369
2,15369
0,15377
1,15377
1,15381
2,15381
0,15385
2,15385
0,15391
1,15391
1,15395
2,15395
0,15399
2,15399
0,15406
1,15406
1,15410
2,15410
0,15414
2,15414
0,15421
1,15421
1,15425
2,15425
0,15430
2,15430
0,15436
1,15436
1,15440
2,15440
0,15444
2,15444
0,15452
1,15452
1,15456
2,15456
0,15459
2,15459
0,15466
1,15466
1,15470
2,15470
0,15474
2,15474
0,15481
1,15481
1,15485
2,15485
0,15489
2,15489
0,15496
1,15496
1,15501
2,15501
0,15505
2,15505
0,15511
1,15511
1,15515
2,15515
0,15519
2,15519
0,15527
1,15527
1,15530
2,15530
0,15534
2,15534
0,15541
1,15541
1,15545
2,15545
0,15549
2,15549
0,15556
1,15556
1,15560
2,15560
0,15564
2,15564
0,15571
1,15571
1,15576
2,15576
0,15580
2,15580
0,15586
1,15586
1,15590
2,15590
0,15594
2,15594
0,15602
1,15602
1,15605
2,15605
0,15609
2,15609
0,15616
1,15616
1,15620
2,15620
0,15625
2,15625
0,15631
1,15631
1,15635
2,15635
0,15639
2,15639
0,15647
1,15647
1,15651
2,15651
0,15654
2,15654
0,15661
1,15661
1,15665
2,15665
0,15669
2,15669
0,15676
1,15676
1,15680
2,15680
0,15684
2,15684
0,15691
1,15691
1,15695
2,15695
0,15700
2,15700
0,15706
1,15706
1,15710
2,15710
0,15714
2,15714
0,15722
1,15722
1,15726
2,15726
0,15729
2,15729
0,15736
1,15736
