0,0,1,1,51,51,0,0
1,0,1,1,50,54,0,0
2,0,1,1,0,0,0,0
3,0,1,1,0,0,0,0
4,0,1,1,0,0,0,0
5,0,1,1,0,0,0,0
6,0,1,1,0,0,0,0
7,0,1,1,0,0,0,0
8,0,1,1,0,0,0,0
9,0,1,1,0,0,0,0
10,0,1,1,0,0,0,0
0,1,1,1,51,51,0,0
1,1,1,1,50,54,0,0
2,1,1,1,0,0,0,0
3,1,1,1,0,0,0,0
4,1,1,1,0,0,0,0
5,1,1,1,0,0,0,0
6,1,1,1,0,0,0,0
7,1,1,1,0,0,0,0
8,1,1,1,0,0,0,0
9,1,1,1,0,0,0,0
10,1,1,1,0,0,0,0
0,2,1,1,51,51,0,1
1,2,1,1,50,54,0,0
2,2,1,1,0,0,0,1
3,2,1,1,0,0,0,1
4,2,1,1,0,0,0,1
5,2,1,1,0,0,0,0
6,2,1,1,0,0,0,1
7,2,1,1,0,0,0,1
8,2,1,1,0,0,0,1
9,2,1,1,0,0,0,0
10,2,1,1,0,0,0,0
0,3,1,1,51,51,0,3
1,3,1,1,50,54,0,0
2,3,1,1,0,0,0,2
3,3,1,1,0,0,0,2
4,3,1,1,0,0,0,3
5,3,1,1,0,0,0,1
6,3,1,1,0,0,0,2
7,3,1,1,0,0,0,2
8,3,1,1,0,0,0,2
9,3,1,1,0,0,0,1
10,3,1,1,0,0,0,2
0,5,1,1,51,51,0,4
1,5,1,1,50,54,0,0
2,5,1,1,0,0,0,3
3,5,1,1,0,0,0,3
4,5,1,1,0,0,0,4
5,5,1,1,0,0,0,2
6,5,1,1,0,0,0,3
7,5,1,1,0,0,0,2
8,5,1,1,0,0,0,3
9,5,1,1,0,0,0,2
10,5,1,1,0,0,0,3
0,6,1,1,51,51,0,4
1,6,1,1,50,54,0,0
2,6,1,1,0,0,0,4
3,6,1,1,0,0,0,5
4,6,1,1,0,0,0,5
5,6,1,1,0,0,0,2
6,6,1,1,0,0,0,4
7,6,1,1,0,0,0,3
8,6,1,1,0,0,0,5
9,6,1,1,0,0,0,3
10,6,1,1,0,0,0,5
0,7,1,1,51,51,0,4
1,7,1,1,50,54,0,0
2,7,1,1,0,0,0,5
3,7,1,1,0,0,0,7
4,7,1,1,0,0,0,6
5,7,1,1,0,0,0,4
6,7,1,1,0,0,0,6
7,7,1,1,0,0,0,5
8,7,1,1,0,0,0,6
9,7,1,1,0,0,0,5
10,7,1,1,0,0,0,7
0,9,1,1,51,51,0,4
1,9,1,1,50,54,0,0
2,9,1,1,0,0,0,5
3,9,1,1,0,0,0,7
4,9,1,1,0,0,0,6
5,9,1,1,0,0,0,4
6,9,1,1,0,0,0,6
7,9,1,1,0,0,0,5
8,9,1,1,0,0,0,6
9,9,1,1,0,0,0,5
10,9,1,1,0,0,0,7
0,10,1,1,51,51,0,4
1,10,1,1,50,54,0,0
2,10,1,1,0,0,0,5
3,10,1,1,0,0,0,7
4,10,1,1,0,0,0,6
5,10,1,1,0,0,0,4
6,10,1,1,0,0,0,6
7,10,1,1,0,0,0,5
8,10,1,1,0,0,0,6
9,10,1,1,0,0,0,5
10,10,1,1,0,0,0,7
0,11,1,1,51,51,0,4
1,11,1,1,50,54,0,0
2,11,1,1,0,0,0,5
3,11,1,1,0,0,0,7
4,11,1,1,0,0,0,6
5,11,1,1,0,0,0,4
6,11,1,1,0,0,0,6
7,11,1,1,0,0,0,5
8,11,1,1,0,0,0,6
9,11,1,1,0,0,0,5
10,11,1,1,0,0,0,7
0,12,1,1,51,51,0,4
1,12,1,1,50,54,0,0
2,12,1,1,0,0,0,5
3,12,1,1,0,0,0,7
4,12,1,1,0,0,0,6
5,12,1,1,0,0,0,4
6,12,1,1,0,0,0,6
7,12,1,1,0,0,0,5
8,12,1,1,0,0,0,6
9,12,1,1,0,0,0,5
10,12,1,1,0,0,0,7
0,14,1,1,51,51,0,5
1,14,1,1,50,54,0,0
2,14,1,1,0,0,0,5
3,14,1,1,0,0,0,8
4,14,1,1,0,0,0,7
5,14,1,1,0,0,0,5
6,14,1,1,0,0,0,6
7,14,1,1,0,0,0,6
8,14,1,1,0,0,0,6
9,14,1,1,0,0,0,5
10,14,1,1,0,0,0,8
0,15,1,1,51,51,0,5
1,15,1,1,50,54,0,0
2,15,1,1,0,0,0,5
3,15,1,1,0,0,0,8
4,15,1,1,0,0,0,7
5,15,1,1,0,0,0,5
6,15,1,1,0,0,0,6
7,15,1,1,0,0,0,6
8,15,1,1,0,0,0,6
9,15,1,1,0,0,0,5
10,15,1,1,0,0,0,8
0,16,1,1,51,51,0,6
1,16,1,1,50,54,0,0
2,16,1,1,0,0,0,6
3,16,1,1,0,0,0,9
4,16,1,1,0,0,0,7
5,16,1,1,0,0,0,6
6,16,1,1,0,0,0,7
7,16,1,1,0,0,0,7
8,16,1,1,0,0,0,6
9,16,1,1,0,0,0,5
10,16,1,1,0,0,0,9
0,18,1,1,51,51,0,6
1,18,1,1,50,54,0,0
2,18,1,1,0,0,0,6
3,18,1,1,0,0,0,9
4,18,1,1,0,0,0,7
5,18,1,1,0,0,0,6
6,18,1,1,0,0,0,7
7,18,1,1,0,0,0,7
8,18,1,1,0,0,0,6
9,18,1,1,0,0,0,6
10,18,1,1,0,0,0,9
0,19,1,1,51,51,0,6
1,19,1,1,50,54,0,0
2,19,1,1,0,0,0,6
3,19,1,1,0,0,0,9
4,19,1,1,0,0,0,7
5,19,1,1,0,0,0,7
6,19,1,1,0,0,0,8
7,19,1,1,0,0,0,8
8,19,1,1,0,0,0,7
9,19,1,1,0,0,0,6
10,19,1,1,0,0,0,9
0,20,1,1,51,51,0,8
1,20,1,1,50,54,0,0
2,20,1,1,0,0,0,6
3,20,1,1,0,0,0,9
4,20,1,1,0,0,0,7
5,20,1,1,0,0,0,8
6,20,1,1,0,0,0,8
7,20,1,1,0,0,0,9
8,20,1,1,0,0,0,7
9,20,1,1,0,0,0,6
10,20,1,1,0,0,0,9
0,21,1,1,51,51,0,9
1,21,1,1,50,54,0,0
2,21,1,1,0,0,1,6
3,21,1,1,0,0,0,9
4,21,1,1,0,0,0,7
5,21,1,1,0,0,0,8
6,21,1,1,0,0,0,8
7,21,1,1,0,0,0,9
8,21,1,1,0,0,0,7
9,21,1,1,0,0,0,6
10,21,1,1,0,0,0,9
0,23,1,1,51,51,0,9
1,23,1,1,50,54,0,0
2,23,1,1,0,0,0,7
3,23,1,1,0,0,0,9
4,23,1,1,0,0,0,8
5,23,1,1,0,0,0,8
6,23,1,1,0,0,0,8
7,23,1,1,0,0,0,9
8,23,1,1,0,0,0,7
9,23,1,1,0,0,0,6
10,23,1,1,0,0,0,9
0,24,1,1,51,51,0,9
1,24,1,1,50,54,0,0
2,24,1,1,0,0,0,7
3,24,1,1,0,0,0,9
4,24,1,1,0,0,0,8
5,24,1,1,0,0,0,8
6,24,1,1,0,0,0,8
7,24,1,1,0,0,0,9
8,24,1,1,0,0,0,7
9,24,1,1,0,0,0,6
10,24,1,1,0,0,0,9
0,25,1,1,51,51,0,9
1,25,1,1,50,54,0,0
2,25,1,1,0,0,0,7
3,25,1,1,0,0,0,9
4,25,1,1,0,0,0,8
5,25,1,1,0,0,0,8
6,25,1,1,0,0,0,8
7,25,1,1,0,0,0,9
8,25,1,1,0,0,0,7
9,25,1,1,0,0,0,6
10,25,1,1,0,0,0,9
0,27,1,1,51,51,0,9
1,27,1,1,50,54,0,0
2,27,1,1,0,0,0,7
3,27,1,1,0,0,0,9
4,27,1,1,0,0,0,8
5,27,1,1,0,0,0,8
6,27,1,1,0,0,0,8
7,27,1,1,0,0,0,9
8,27,1,1,0,0,0,7
9,27,1,1,0,0,0,6
10,27,1,1,0,0,0,9
0,28,1,1,51,51,0,9
1,28,1,1,50,54,0,0
2,28,1,1,0,0,0,7
3,28,1,1,0,0,0,9
4,28,1,1,0,0,0,8
5,28,1,1,0,0,0,8
6,28,1,1,0,0,0,8
7,28,1,1,0,0,0,9
8,28,1,1,0,0,0,7
9,28,1,1,0,0,0,6
10,28,1,1,0,0,0,9
0,29,1,1,51,51,0,9
1,29,1,1,50,54,0,0
2,29,1,1,0,0,0,8
3,29,1,1,0,0,0,9
4,29,1,1,0,0,0,8
5,29,1,1,0,0,0,8
6,29,1,1,0,0,0,8
7,29,1,1,0,0,0,9
8,29,1,1,0,0,0,8
9,29,1,1,0,0,0,6
10,29,1,1,0,0,0,9
0,30,1,1,51,51,0,9
1,30,1,1,50,54,0,0
2,30,1,1,0,0,0,8
3,30,1,1,0,0,0,9
4,30,1,1,0,0,0,8
5,30,1,1,0,0,0,8
6,30,1,1,0,0,0,8
7,30,1,1,0,0,0,9
8,30,1,1,0,0,0,9
9,30,1,1,0,0,0,6
10,30,1,1,0,0,0,9
0,32,1,1,51,51,0,9
1,32,1,1,50,54,0,0
2,32,1,1,0,0,0,8
3,32,1,1,0,0,1,9
4,32,1,1,0,0,0,8
5,32,1,1,0,0,0,8
6,32,1,1,0,0,0,8
7,32,1,1,0,0,0,9
8,32,1,1,0,0,0,9
9,32,1,1,0,0,0,6
10,32,1,1,0,0,0,9
0,33,1,1,51,51,0,9
1,33,1,1,50,54,0,0
2,33,1,1,0,0,0,8
3,33,1,1,0,0,0,9
4,33,1,1,0,0,0,8
5,33,1,1,0,0,0,9
6,33,1,1,0,0,0,8
7,33,1,1,0,0,0,9
8,33,1,1,0,0,0,9
9,33,1,1,0,0,0,6
10,33,1,1,0,0,0,9
0,34,1,1,51,51,0,9
1,34,1,1,50,54,0,0
2,34,1,1,0,0,0,8
3,34,1,1,0,0,0,9
4,34,1,1,0,0,0,8
5,34,1,1,0,0,0,9
6,34,1,1,0,0,0,8
7,34,1,1,0,0,0,9
8,34,1,1,0,0,0,9
9,34,1,1,0,0,0,6
10,34,1,1,0,0,0,9
0,36,1,1,51,51,0,9
1,36,1,1,50,54,0,0
2,36,1,1,0,0,0,8
3,36,1,1,0,0,0,9
4,36,1,1,0,0,0,9
5,36,1,1,0,0,0,9
6,36,1,1,0,0,0,8
7,36,1,1,0,0,0,9
8,36,1,1,0,0,0,9
9,36,1,1,0,0,0,6
10,36,1,1,0,0,0,9
0,37,1,1,51,51,0,9
1,37,1,1,50,54,0,0
2,37,1,1,0,0,0,8
3,37,1,1,0,0,0,9
4,37,1,1,0,0,0,9
5,37,1,1,0,0,0,9
6,37,1,1,0,0,0,8
7,37,1,1,0,0,0,9
8,37,1,1,0,0,0,9
9,37,1,1,0,0,0,6
10,37,1,1,0,0,0,9
0,38,1,1,51,51,0,9
1,38,1,1,50,54,0,0
2,38,1,1,0,0,0,8
3,38,1,1,0,0,0,9
4,38,1,1,0,0,0,9
5,38,1,1,0,0,0,9
6,38,1,1,0,0,0,8
7,38,1,1,0,0,0,9
8,38,1,1,0,0,0,9
9,38,1,1,0,0,0,6
10,38,1,1,0,0,0,9
0,40,1,1,51,51,0,9
1,40,1,1,50,54,0,0
2,40,1,1,0,0,0,8
3,40,1,1,0,0,0,9
4,40,1,1,0,0,0,9
5,40,1,1,0,0,0,9
6,40,1,1,0,0,0,8
7,40,1,1,0,0,0,9
8,40,1,1,0,0,0,9
9,40,1,1,0,0,0,6
10,40,1,1,0,0,0,9
0,41,1,1,51,51,0,9
1,41,1,1,50,54,0,0
2,41,1,1,0,0,0,8
3,41,1,1,0,0,0,9
4,41,1,1,0,0,1,9
5,41,1,1,0,0,0,9
6,41,1,1,0,0,0,8
7,41,1,1,0,0,0,9
8,41,1,1,0,0,0,9
9,41,1,1,0,0,0,6
10,41,1,1,0,0,0,9
0,42,1,1,51,51,0,9
1,42,1,1,50,54,0,0
2,42,1,1,0,0,0,8
3,42,1,1,0,0,0,9
4,42,1,1,0,0,0,9
5,42,1,1,0,0,0,9
6,42,1,1,0,0,0,8
7,42,1,1,0,0,0,9
8,42,1,1,0,0,0,9
9,42,1,1,0,0,0,6
10,42,1,1,0,0,0,9
0,43,1,1,51,51,0,9
1,43,1,1,50,54,0,0
2,43,1,1,0,0,0,8
3,43,1,1,0,0,0,9
4,43,1,1,0,0,0,9
5,43,1,1,0,0,0,9
6,43,1,1,0,0,0,8
7,43,1,1,0,0,0,9
8,43,1,1,0,0,0,9
9,43,1,1,0,0,0,6
10,43,1,1,0,0,0,9
0,45,1,1,51,51,0,9
1,45,1,1,50,54,0,0
2,45,1,1,0,0,0,8
3,45,1,1,0,0,0,9
4,45,1,1,0,0,0,9
5,45,1,1,0,0,0,9
6,45,1,1,0,0,0,8
7,45,1,1,0,0,0,9
8,45,1,1,0,0,0,9
9,45,1,1,0,0,0,6
10,45,1,1,0,0,0,9
0,46,1,1,51,51,0,9
1,46,1,1,50,54,0,0
2,46,1,1,0,0,0,8
3,46,1,1,0,0,0,9
4,46,1,1,0,0,0,9
5,46,1,1,0,0,0,9
6,46,1,1,0,0,0,8
7,46,1,1,0,0,0,9
8,46,1,1,0,0,0,9
9,46,1,1,0,0,0,6
10,46,1,1,0,0,0,9
0,47,1,1,51,51,0,9
1,47,1,1,50,54,0,0
2,47,1,1,0,0,0,8
3,47,1,1,0,0,0,9
4,47,1,1,0,0,0,9
5,47,1,1,0,0,0,9
6,47,1,1,0,0,0,8
7,47,1,1,0,0,0,9
8,47,1,1,0,0,0,9
9,47,1,1,0,0,0,6
10,47,1,1,0,0,0,9
0,49,1,1,51,51,0,9
1,49,1,1,50,54,0,0
2,49,1,1,0,0,0,8
3,49,1,1,0,0,0,9
4,49,1,1,0,0,0,9
5,49,1,1,0,0,0,9
6,49,1,1,0,0,0,8
7,49,1,1,0,0,0,9
8,49,1,1,0,0,0,9
9,49,1,1,0,0,0,6
10,49,1,1,0,0,0,9
0,50,1,1,51,51,0,9
1,50,1,1,50,54,0,0
2,50,1,1,0,0,0,8
3,50,1,1,0,0,0,9
4,50,1,1,0,0,0,9
5,50,1,1,0,0,0,9
6,50,1,1,0,0,0,8
7,50,1,1,0,0,0,9
8,50,1,1,0,0,0,9
9,50,1,1,0,0,0,6
10,50,1,1,0,0,0,9
0,51,1,1,51,51,0,9
1,51,1,1,50,54,0,0
2,51,1,1,0,0,0,8
3,51,1,1,0,0,0,9
4,51,1,1,0,0,0,9
5,51,1,1,0,0,1,9
6,51,1,1,0,0,0,8
7,51,1,1,0,0,0,9
8,51,1,1,0,0,0,9
9,51,1,1,0,0,0,6
10,51,1,1,0,0,0,9
0,52,1,1,51,51,0,9
1,52,1,1,50,54,0,0
2,52,1,1,0,0,0,8
3,52,1,1,0,0,0,9
4,52,1,1,0,0,0,9
5,52,1,1,0,0,0,9
6,52,1,1,0,0,0,8
7,52,1,1,0,0,0,9
8,52,1,1,0,0,0,9
9,52,1,1,0,0,0,6
10,52,1,1,0,0,0,9
0,54,1,1,51,51,0,9
1,54,1,1,50,54,0,0
2,54,1,1,0,0,0,8
3,54,1,1,0,0,0,9
4,54,1,1,0,0,0,9
5,54,1,1,0,0,0,9
6,54,1,1,0,0,0,8
7,54,1,1,0,0,0,9
8,54,1,1,0,0,0,9
9,54,1,1,0,0,0,6
10,54,1,1,0,0,0,9
0,55,1,1,51,51,0,9
1,55,1,1,50,54,0,0
2,55,1,1,0,0,0,8
3,55,1,1,0,0,0,9
4,55,1,1,0,0,0,9
5,55,1,1,0,0,0,9
6,55,1,1,0,0,0,8
7,55,1,1,0,0,0,9
8,55,1,1,0,0,0,9
9,55,1,1,0,0,0,6
10,55,1,1,0,0,0,9
0,56,1,1,51,51,0,9
1,56,1,1,50,54,0,0
2,56,1,1,0,0,0,8
3,56,1,1,0,0,0,9
4,56,1,1,0,0,0,9
5,56,1,1,0,0,0,9
6,56,1,1,0,0,0,8
7,56,1,1,0,0,0,9
8,56,1,1,0,0,0,9
9,56,1,1,0,0,0,6
10,56,1,1,0,0,0,9
0,58,1,1,51,51,0,9
1,58,1,1,50,54,0,0
2,58,1,1,0,0,0,8
3,58,1,1,0,0,0,9
4,58,1,1,0,0,0,9
5,58,1,1,0,0,0,9
6,58,1,1,0,0,0,8
7,58,1,1,0,0,0,9
8,58,1,1,0,0,0,9
9,58,1,1,0,0,0,6
10,58,1,1,0,0,0,9
0,59,1,1,51,51,0,9
1,59,1,1,50,54,0,0
2,59,1,1,0,0,0,8
3,59,1,1,0,0,0,9
4,59,1,1,0,0,0,9
5,59,1,1,0,0,0,9
6,59,1,1,0,0,0,8
7,59,1,1,0,0,0,9
8,59,1,1,0,0,0,9
9,59,1,1,0,0,0,6
10,59,1,1,0,0,0,9
0,60,1,1,51,51,0,9
1,60,1,1,50,54,0,0
2,60,1,1,0,0,0,8
3,60,1,1,0,0,0,9
4,60,1,1,0,0,0,9
5,60,1,1,0,0,0,9
6,60,1,1,0,0,0,8
7,60,1,1,0,0,0,9
8,60,1,1,0,0,0,9
9,60,1,1,0,0,0,6
10,60,1,1,0,0,0,9
0,61,1,1,51,51,0,9
1,61,1,1,50,54,0,0
2,61,1,1,0,0,0,8
3,61,1,1,0,0,0,9
4,61,1,1,0,0,0,9
5,61,1,1,0,0,0,9
6,61,1,1,0,0,1,8
7,61,1,1,0,0,0,9
8,61,1,1,0,0,0,9
9,61,1,1,0,0,0,6
10,61,1,1,0,0,0,9
0,63,1,1,51,51,0,9
1,63,1,1,50,54,0,0
2,63,1,1,0,0,0,8
3,63,1,1,0,0,0,9
4,63,1,1,0,0,0,9
5,63,1,1,0,0,0,9
6,63,1,1,0,0,0,8
7,63,1,1,0,0,0,9
8,63,1,1,0,0,0,9
9,63,1,1,0,0,0,6
10,63,1,1,0,0,0,9
0,64,1,1,51,51,0,9
1,64,1,1,50,54,0,0
2,64,1,1,0,0,0,8
3,64,1,1,0,0,0,9
4,64,1,1,0,0,0,9
5,64,1,1,0,0,0,9
6,64,1,1,0,0,0,8
7,64,1,1,0,0,0,9
8,64,1,1,0,0,0,9
9,64,1,1,0,0,0,6
10,64,1,1,0,0,0,9
0,65,1,1,51,51,0,9
1,65,1,1,50,54,0,0
2,65,1,1,0,0,0,8
3,65,1,1,0,0,0,9
4,65,1,1,0,0,0,9
5,65,1,1,0,0,0,9
6,65,1,1,0,0,0,8
7,65,1,1,0,0,0,9
8,65,1,1,0,0,0,9
9,65,1,1,0,0,0,6
10,65,1,1,0,0,0,9
0,67,1,1,51,51,0,9
1,67,1,1,50,54,0,0
2,67,1,1,0,0,0,8
3,67,1,1,0,0,0,9
4,67,1,1,0,0,0,9
5,67,1,1,0,0,0,9
6,67,1,1,0,0,0,8
7,67,1,1,0,0,0,9
8,67,1,1,0,0,0,9
9,67,1,1,0,0,0,6
10,67,1,1,0,0,0,9
0,68,1,1,51,51,0,9
1,68,1,1,50,54,0,0
2,68,1,1,0,0,0,8
3,68,1,1,0,0,0,9
4,68,1,1,0,0,0,9
5,68,1,1,0,0,0,9
6,68,1,1,0,0,0,8
7,68,1,1,0,0,0,9
8,68,1,1,0,0,0,9
9,68,1,1,0,0,0,6
10,68,1,1,0,0,0,9
0,69,1,1,51,51,0,9
1,69,1,1,50,54,0,0
2,69,1,1,0,0,0,8
3,69,1,1,0,0,0,9
4,69,1,1,0,0,0,9
5,69,1,1,0,0,0,9
6,69,1,1,0,0,0,8
7,69,1,1,0,0,0,9
8,69,1,1,0,0,0,9
9,69,1,1,0,0,0,6
10,69,1,1,0,0,0,9
0,71,1,1,51,51,0,9
1,71,1,1,50,54,0,0
2,71,1,1,0,0,0,8
3,71,1,1,0,0,0,9
4,71,1,1,0,0,0,9
5,71,1,1,0,0,0,9
6,71,1,1,0,0,0,8
7,71,1,1,0,0,0,9
8,71,1,1,0,0,0,9
9,71,1,1,0,0,0,6
10,71,1,1,0,0,0,9
0,72,1,1,51,51,0,9
1,72,1,1,50,54,0,0
2,72,1,1,0,0,0,8
3,72,1,1,0,0,0,9
4,72,1,1,0,0,0,8
5,72,1,1,0,0,0,9
6,72,1,1,0,0,0,8
7,72,1,1,0,0,0,9
8,72,1,1,0,0,0,9
9,72,1,1,0,0,0,6
10,72,1,1,0,0,0,9
0,73,1,1,51,51,0,9
1,73,1,1,50,54,0,0
2,73,1,1,0,0,0,8
3,73,1,1,0,0,0,9
4,73,1,1,0,0,0,8
5,73,1,1,0,0,0,9
6,73,1,1,0,0,0,8
7,73,1,1,0,0,0,9
8,73,1,1,0,0,0,9
9,73,1,1,0,0,0,6
10,73,1,1,0,0,0,9
0,74,1,1,51,51,0,9
1,74,1,1,50,54,0,0
2,74,1,1,0,0,0,8
3,74,1,1,0,0,0,9
4,74,1,1,0,0,0,8
5,74,1,1,0,0,0,9
6,74,1,1,0,0,0,8
7,74,1,1,0,0,0,9
8,74,1,1,0,0,0,9
9,74,1,1,0,0,0,6
10,74,1,1,0,0,0,9
0,76,1,1,51,51,0,9
1,76,1,1,50,54,0,0
2,76,1,1,0,0,0,8
3,76,1,1,0,0,0,9
4,76,1,1,0,0,0,8
5,76,1,1,0,0,0,9
6,76,1,1,0,0,0,8
7,76,1,1,0,0,0,9
8,76,1,1,0,0,0,9
9,76,1,1,0,0,0,6
10,76,1,1,0,0,0,9
0,77,1,1,51,51,0,9
1,77,1,1,50,54,0,0
2,77,1,1,0,0,0,8
3,77,1,1,0,0,0,9
4,77,1,1,0,0,0,8
5,77,1,1,0,0,0,9
6,77,1,1,0,0,0,8
7,77,1,1,0,0,0,9
8,77,1,1,0,0,0,9
9,77,1,1,0,0,0,6
10,77,1,1,0,0,0,9
0,78,1,1,51,51,0,9
1,78,1,1,50,54,0,0
2,78,1,1,0,0,0,8
3,78,1,1,0,0,0,9
4,78,1,1,0,0,0,8
5,78,1,1,0,0,0,9
6,78,1,1,0,0,0,8
7,78,1,1,0,0,0,9
8,78,1,1,0,0,0,9
9,78,1,1,0,0,0,6
10,78,1,1,0,0,0,9
0,80,1,1,51,51,0,9
1,80,1,1,50,54,0,0
2,80,1,1,0,0,0,8
3,80,1,1,0,0,0,9
4,80,1,1,0,0,0,8
5,80,1,1,0,0,0,9
6,80,1,1,0,0,0,8
7,80,1,1,0,0,0,9
8,80,1,1,0,0,0,9
9,80,1,1,0,0,0,6
10,80,1,1,0,0,0,9
0,81,1,1,51,51,0,9
1,81,1,1,50,54,0,0
2,81,1,1,0,0,0,8
3,81,1,1,0,0,0,9
4,81,1,1,0,0,0,8
5,81,1,1,0,0,0,9
6,81,1,1,0,0,0,8
7,81,1,1,0,0,0,9
8,81,1,1,0,0,1,9
9,81,1,1,0,0,0,6
10,81,1,1,0,0,0,9
0,82,1,1,51,51,0,9
1,82,1,1,50,54,0,0
2,82,1,1,0,0,0,8
3,82,1,1,0,0,0,9
4,82,1,1,0,0,0,8
5,82,1,1,0,0,0,9
6,82,1,1,0,0,0,8
7,82,1,1,0,0,0,9
8,82,1,1,0,0,0,9
9,82,1,1,0,0,0,6
10,82,1,1,0,0,0,9
0,83,1,1,51,51,0,9
1,83,1,1,50,54,0,0
2,83,1,1,0,0,0,8
3,83,1,1,0,0,0,9
4,83,1,1,0,0,0,8
5,83,1,1,0,0,0,9
6,83,1,1,0,0,0,8
7,83,1,1,0,0,0,9
8,83,1,1,0,0,0,9
9,83,1,1,0,0,0,6
10,83,1,1,0,0,0,9
0,85,1,1,51,51,0,9
1,85,1,1,50,54,0,0
2,85,1,1,0,0,0,8
3,85,1,1,0,0,0,9
4,85,1,1,0,0,0,8
5,85,1,1,0,0,0,9
6,85,1,1,0,0,0,8
7,85,1,1,0,0,0,9
8,85,1,1,0,0,0,9
9,85,1,1,0,0,0,6
10,85,1,1,0,0,0,9
0,86,1,1,51,51,0,8
1,86,1,1,50,54,0,0
2,86,1,1,0,0,0,8
3,86,1,1,0,0,0,9
4,86,1,1,0,0,0,8
5,86,1,1,0,0,0,9
6,86,1,1,0,0,0,8
7,86,1,1,0,0,0,9
8,86,1,1,0,0,0,9
9,86,1,1,0,0,0,6
10,86,1,1,0,0,0,9
0,87,1,1,51,51,0,8
1,87,1,1,50,54,0,0
2,87,1,1,0,0,0,8
3,87,1,1,0,0,0,9
4,87,1,1,0,0,0,8
5,87,1,1,0,0,0,9
6,87,1,1,0,0,0,8
7,87,1,1,0,0,0,9
8,87,1,1,0,0,0,9
9,87,1,1,0,0,0,6
10,87,1,1,0,0,0,9
0,89,1,1,51,51,0,8
1,89,1,1,50,54,0,0
2,89,1,1,0,0,0,8
3,89,1,1,0,0,0,9
4,89,1,1,0,0,0,8
5,89,1,1,0,0,0,9
6,89,1,1,0,0,0,8
7,89,1,1,0,0,0,9
8,89,1,1,0,0,0,9
9,89,1,1,0,0,0,6
10,89,1,1,0,0,0,9
0,90,1,1,51,51,0,8
1,90,1,1,50,54,0,0
2,90,1,1,0,0,0,8
3,90,1,1,0,0,0,9
4,90,1,1,0,0,0,8
5,90,1,1,0,0,0,9
6,90,1,1,0,0,0,8
7,90,1,1,0,0,0,9
8,90,1,1,0,0,0,9
9,90,1,1,0,0,0,6
10,90,1,1,0,0,0,9
0,91,1,1,51,51,0,8
1,91,1,1,50,54,0,0
2,91,1,1,0,0,0,8
3,91,1,1,0,0,0,9
4,91,1,1,0,0,0,8
5,91,1,1,0,0,0,9
6,91,1,1,0,0,0,8
7,91,1,1,0,0,0,9
8,91,1,1,0,0,0,9
9,91,1,1,0,0,1,6
10,91,1,1,0,0,0,9
0,92,1,1,51,51,0,8
1,92,1,1,50,54,0,0
2,92,1,1,0,0,0,8
3,92,1,1,0,0,0,9
4,92,1,1,0,0,0,8
5,92,1,1,0,0,0,9
6,92,1,1,0,0,0,8
7,92,1,1,0,0,0,9
8,92,1,1,0,0,0,9
9,92,1,1,0,0,0,6
10,92,1,1,0,0,0,9
0,94,1,1,51,51,0,8
1,94,1,1,50,54,0,0
2,94,1,1,0,0,0,8
3,94,1,1,0,0,0,9
4,94,1,1,0,0,0,8
5,94,1,1,0,0,0,9
6,94,1,1,0,0,0,8
7,94,1,1,0,0,0,9
8,94,1,1,0,0,0,9
9,94,1,1,0,0,0,6
10,94,1,1,0,0,0,9
0,95,1,1,51,51,0,9
1,95,1,1,50,54,0,0
2,95,1,1,0,0,0,8
3,95,1,1,0,0,0,9
4,95,1,1,0,0,0,8
5,95,1,1,0,0,0,9
6,95,1,1,0,0,0,8
7,95,1,1,0,0,0,9
8,95,1,1,0,0,0,9
9,95,1,1,0,0,0,6
10,95,1,1,0,0,0,9
0,96,1,1,51,51,0,9
1,96,1,1,50,54,0,0
2,96,1,1,0,0,0,8
3,96,1,1,0,0,0,9
4,96,1,1,0,0,0,8
5,96,1,1,0,0,0,9
6,96,1,1,0,0,0,8
7,96,1,1,0,0,0,9
8,96,1,1,0,0,0,9
9,96,1,1,0,0,0,6
10,96,1,1,0,0,0,9
0,98,1,1,51,51,0,9
1,98,1,1,50,54,0,0
2,98,1,1,0,0,0,8
3,98,1,1,0,0,0,9
4,98,1,1,0,0,0,8
5,98,1,1,0,0,0,9
6,98,1,1,0,0,0,8
7,98,1,1,0,0,0,9
8,98,1,1,0,0,0,9
9,98,1,1,0,0,0,6
10,98,1,1,0,0,0,9
0,99,1,1,51,51,0,9
1,99,1,1,50,54,0,0
2,99,1,1,0,0,0,8
3,99,1,1,0,0,0,9
4,99,1,1,0,0,0,8
5,99,1,1,0,0,0,9
6,99,1,1,0,0,0,8
7,99,1,1,0,0,0,9
8,99,1,1,0,0,0,9
9,99,1,1,0,0,0,6
10,99,1,1,0,0,0,9
0,100,1,1,51,51,0,9
1,100,1,1,50,54,0,0
2,100,1,1,0,0,0,8
3,100,1,1,0,0,0,9
4,100,1,1,0,0,0,8
5,100,1,1,0,0,0,9
6,100,1,1,0,0,0,8
7,100,1,1,0,0,0,9
8,100,1,1,0,0,0,9
9,100,1,1,0,0,0,6
10,100,1,1,0,0,0,9
0,102,1,1,51,51,0,9
1,102,1,1,50,54,0,0
2,102,1,1,0,0,0,8
3,102,1,1,0,0,0,9
4,102,1,1,0,0,0,8
5,102,1,1,0,0,0,9
6,102,1,1,0,0,0,8
7,102,1,1,0,0,0,9
8,102,1,1,0,0,0,9
9,102,1,1,0,0,0,6
10,102,1,1,0,0,1,9
0,103,1,1,51,51,0,9
1,103,1,1,50,54,0,0
2,103,1,1,0,0,0,8
3,103,1,1,0,0,0,9
4,103,1,1,0,0,0,8
5,103,1,1,0,0,0,9
6,103,1,1,0,0,0,8
7,103,1,1,0,0,0,9
8,103,1,1,0,0,0,9
9,103,1,1,0,0,0,6
10,103,1,1,0,0,0,9
0,104,1,1,51,51,0,9
1,104,1,1,50,54,0,0
2,104,1,1,0,0,0,8
3,104,1,1,0,0,0,9
4,104,1,1,0,0,0,8
5,104,1,1,0,0,0,9
6,104,1,1,0,0,0,8
7,104,1,1,0,0,0,9
8,104,1,1,0,0,0,9
9,104,1,1,0,0,0,6
10,104,1,1,0,0,0,9
0,105,1,1,51,51,0,9
1,105,1,1,50,54,0,0
2,105,1,1,0,0,0,8
3,105,1,1,0,0,0,9
4,105,1,1,0,0,0,8
5,105,1,1,0,0,0,9
6,105,1,1,0,0,0,8
7,105,1,1,0,0,0,9
8,105,1,1,0,0,0,9
9,105,1,1,0,0,0,6
10,105,1,1,0,0,0,9
0,107,1,1,51,51,0,9
1,107,1,1,50,54,0,0
2,107,1,1,0,0,0,8
3,107,1,1,0,0,0,9
4,107,1,1,0,0,0,8
5,107,1,1,0,0,0,9
6,107,1,1,0,0,0,8
7,107,1,1,0,0,0,9
8,107,1,1,0,0,0,9
9,107,1,1,0,0,0,6
10,107,1,1,0,0,0,9
0,108,1,1,51,51,0,9
1,108,1,1,50,54,0,0
2,108,1,1,0,0,0,8
3,108,1,1,0,0,0,9
4,108,1,1,0,0,0,8
5,108,1,1,0,0,0,9
6,108,1,1,0,0,0,8
7,108,1,1,0,0,0,9
8,108,1,1,0,0,0,9
9,108,1,1,0,0,0,6
10,108,1,1,0,0,0,9
0,109,1,1,51,51,0,9
1,109,1,1,50,54,0,0
2,109,1,1,0,0,0,8
3,109,1,1,0,0,0,9
4,109,1,1,0,0,0,8
5,109,1,1,0,0,0,9
6,109,1,1,0,0,0,8
7,109,1,1,0,0,0,9
8,109,1,1,0,0,0,9
9,109,1,1,0,0,0,6
10,109,1,1,0,0,0,9
0,111,1,1,51,51,0,9
1,111,1,1,50,54,0,0
2,111,1,1,0,0,0,8
3,111,1,1,0,0,0,9
4,111,1,1,0,0,0,8
5,111,1,1,0,0,0,9
6,111,1,1,0,0,0,8
7,111,1,1,0,0,0,9
8,111,1,1,0,0,0,9
9,111,1,1,0,0,0,6
10,111,1,1,0,0,0,9
0,112,1,1,51,51,0,9
1,112,1,1,50,54,0,0
2,112,1,1,0,0,0,8
3,112,1,1,0,0,0,9
4,112,1,1,0,0,0,8
5,112,1,1,0,0,0,9
6,112,1,1,0,0,0,8
7,112,1,1,0,0,0,9
8,112,1,1,0,0,0,9
9,112,1,1,0,0,0,6
10,112,1,1,0,0,0,9
0,113,1,1,51,51,0,9
1,113,1,1,50,54,0,0
2,113,1,1,0,0,0,8
3,113,1,1,0,0,0,9
4,113,1,1,0,0,0,8
5,113,1,1,0,0,0,9
6,113,1,1,0,0,0,8
7,113,1,1,0,0,0,9
8,113,1,1,0,0,0,9
9,113,1,1,0,0,0,6
10,113,1,1,0,0,0,9
0,114,1,1,51,51,0,9
1,114,1,1,50,54,0,0
2,114,1,1,0,0,0,8
3,114,1,1,0,0,0,9
4,114,1,1,0,0,0,8
5,114,1,1,0,0,0,9
6,114,1,1,0,0,0,8
7,114,1,1,0,0,0,9
8,114,1,1,0,0,0,9
9,114,1,1,0,0,0,6
10,114,1,1,0,0,0,9
0,116,1,1,51,51,0,9
1,116,1,1,50,54,0,0
2,116,1,1,0,0,0,8
3,116,1,1,0,0,0,9
4,116,1,1,0,0,0,8
5,116,1,1,0,0,0,9
6,116,1,1,0,0,0,8
7,116,1,1,0,0,0,9
8,116,1,1,0,0,0,9
9,116,1,1,0,0,0,6
10,116,1,1,0,0,0,9
0,117,1,1,51,51,0,9
1,117,1,1,50,54,0,0
2,117,1,1,0,0,0,8
3,117,1,1,0,0,0,8
4,117,1,1,0,0,0,8
5,117,1,1,0,0,0,9
6,117,1,1,0,0,0,8
7,117,1,1,0,0,0,9
8,117,1,1,0,0,0,9
9,117,1,1,0,0,0,6
10,117,1,1,0,0,0,9
0,118,1,1,51,51,0,9
1,118,1,1,50,54,0,0
2,118,1,1,0,0,0,8
3,118,1,1,0,0,0,8
4,118,1,1,0,0,0,8
5,118,1,1,0,0,0,9
6,118,1,1,0,0,0,8
7,118,1,1,0,0,0,9
8,118,1,1,0,0,0,9
9,118,1,1,0,0,0,6
10,118,1,1,0,0,0,9
0,120,1,1,51,51,0,9
1,120,1,1,50,54,0,0
2,120,1,1,0,0,0,8
3,120,1,1,0,0,0,8
4,120,1,1,0,0,0,8
5,120,1,1,0,0,0,9
6,120,1,1,0,0,0,8
7,120,1,1,0,0,0,9
8,120,1,1,0,0,0,9
9,120,1,1,0,0,0,6
10,120,1,1,0,0,0,9
0,121,1,1,51,51,0,9
1,121,1,1,50,54,0,0
2,121,1,1,0,0,0,8
3,121,1,1,0,0,0,8
4,121,1,1,0,0,0,8
5,121,1,1,0,0,0,9
6,121,1,1,0,0,0,8
7,121,1,1,0,0,0,9
8,121,1,1,0,0,0,9
9,121,1,1,0,0,0,6
10,121,1,1,0,0,0,9
0,122,1,1,51,51,0,9
1,122,1,1,50,54,0,0
2,122,1,1,0,0,0,8
3,122,1,1,0,0,0,8
4,122,1,1,0,0,0,8
5,122,1,1,0,0,0,9
6,122,1,1,0,0,0,8
7,122,1,1,0,0,0,9
8,122,1,1,0,0,0,9
9,122,1,1,0,0,0,6
10,122,1,1,0,0,0,9
0,123,1,1,51,51,0,9
1,123,1,1,50,54,0,0
2,123,1,1,0,0,0,8
3,123,1,1,0,0,0,8
4,123,1,1,0,0,0,8
5,123,1,1,0,0,0,9
6,123,1,1,0,0,0,8
7,123,1,1,0,0,0,9
8,123,1,1,0,0,0,9
9,123,1,1,0,0,0,6
10,123,1,1,0,0,0,9
0,125,1,1,51,51,0,9
1,125,1,1,50,54,0,0
2,125,1,1,0,0,0,8
3,125,1,1,0,0,0,8
4,125,1,1,0,0,0,8
5,125,1,1,0,0,0,9
6,125,1,1,0,0,0,8
7,125,1,1,0,0,0,9
8,125,1,1,0,0,0,9
9,125,1,1,0,0,0,6
10,125,1,1,0,0,0,9
0,126,1,1,51,51,0,9
1,126,1,1,50,54,0,0
2,126,1,1,0,0,0,8
3,126,1,1,0,0,0,8
4,126,1,1,0,0,0,8
5,126,1,1,0,0,0,9
6,126,1,1,0,0,0,8
7,126,1,1,0,0,0,9
8,126,1,1,0,0,0,9
9,126,1,1,0,0,0,6
10,126,1,1,0,0,0,9
0,127,1,1,51,51,0,9
1,127,1,1,50,54,0,0
2,127,1,1,0,0,0,8
3,127,1,1,0,0,0,9
4,127,1,1,0,0,0,8
5,127,1,1,0,0,0,9
6,127,1,1,0,0,0,8
7,127,1,1,0,0,0,9
8,127,1,1,0,0,0,9
9,127,1,1,0,0,0,6
10,127,1,1,0,0,0,9
0,129,1,1,51,51,0,9
1,129,1,1,50,54,0,0
2,129,1,1,0,0,0,8
3,129,1,1,0,0,0,9
4,129,1,1,0,0,0,8
5,129,1,1,0,0,0,9
6,129,1,1,0,0,0,8
7,129,1,1,0,0,0,9
8,129,1,1,0,0,0,9
9,129,1,1,0,0,0,6
10,129,1,1,0,0,0,9
0,130,1,1,51,51,0,9
1,130,1,1,50,54,0,0
2,130,1,1,0,0,0,8
3,130,1,1,0,0,0,9
4,130,1,1,0,0,0,8
5,130,1,1,0,0,0,9
6,130,1,1,0,0,0,8
7,130,1,1,0,0,0,9
8,130,1,1,0,0,0,9
9,130,1,1,0,0,0,6
10,130,1,1,0,0,0,9
0,131,1,1,51,51,0,9
1,131,1,1,50,54,0,0
2,131,1,1,0,0,1,8
3,131,1,1,0,0,0,9
4,131,1,1,0,0,0,8
5,131,1,1,0,0,0,9
6,131,1,1,0,0,0,8
7,131,1,1,0,0,0,9
8,131,1,1,0,0,0,9
9,131,1,1,0,0,0,6
10,131,1,1,0,0,0,9
0,133,1,1,51,51,0,9
1,133,1,1,50,54,0,0
2,133,1,1,0,0,0,8
3,133,1,1,0,0,0,9
4,133,1,1,0,0,0,8
5,133,1,1,0,0,0,9
6,133,1,1,0,0,0,8
7,133,1,1,0,0,0,9
8,133,1,1,0,0,0,9
9,133,1,1,0,0,0,6
10,133,1,1,0,0,0,9
0,134,1,1,51,51,0,9
1,134,1,1,50,54,0,0
2,134,1,1,0,0,0,8
3,134,1,1,0,0,0,9
4,134,1,1,0,0,0,8
5,134,1,1,0,0,0,9
6,134,1,1,0,0,0,8
7,134,1,1,0,0,0,9
8,134,1,1,0,0,0,9
9,134,1,1,0,0,0,6
10,134,1,1,0,0,0,9
0,135,1,1,51,51,0,9
1,135,1,1,50,54,0,0
2,135,1,1,0,0,0,8
3,135,1,1,0,0,0,9
4,135,1,1,0,0,0,8
5,135,1,1,0,0,0,9
6,135,1,1,0,0,0,8
7,135,1,1,0,0,0,9
8,135,1,1,0,0,0,9
9,135,1,1,0,0,0,6
10,135,1,1,0,0,0,9
0,136,1,1,51,51,0,9
1,136,1,1,50,54,0,0
2,136,1,1,0,0,0,8
3,136,1,1,0,0,0,9
4,136,1,1,0,0,0,8
5,136,1,1,0,0,0,9
6,136,1,1,0,0,0,8
7,136,1,1,0,0,0,9
8,136,1,1,0,0,0,9
9,136,1,1,0,0,0,6
10,136,1,1,0,0,0,9
0,138,1,1,51,51,0,9
1,138,1,1,50,54,0,0
2,138,1,1,0,0,0,8
3,138,1,1,0,0,0,9
4,138,1,1,0,0,0,8
5,138,1,1,0,0,0,9
6,138,1,1,0,0,0,8
7,138,1,1,0,0,0,9
8,138,1,1,0,0,0,9
9,138,1,1,0,0,0,6
10,138,1,1,0,0,0,9
0,139,1,1,51,51,0,9
1,139,1,1,50,54,0,0
2,139,1,1,0,0,0,8
3,139,1,1,0,0,0,9
4,139,1,1,0,0,0,8
5,139,1,1,0,0,0,9
6,139,1,1,0,0,0,8
7,139,1,1,0,0,0,9
8,139,1,1,0,0,0,9
9,139,1,1,0,0,0,6
10,139,1,1,0,0,0,9
0,140,1,1,51,51,0,9
1,140,1,1,50,54,0,0
2,140,1,1,0,0,0,8
3,140,1,1,0,0,0,9
4,140,1,1,0,0,0,8
5,140,1,1,0,0,0,9
6,140,1,1,0,0,0,8
7,140,1,1,0,0,0,9
8,140,1,1,0,0,0,9
9,140,1,1,0,0,0,6
10,140,1,1,0,0,0,9
0,142,1,1,51,51,0,9
1,142,1,1,50,54,0,0
2,142,1,1,0,0,0,8
3,142,1,1,0,0,1,9
4,142,1,1,0,0,0,8
5,142,1,1,0,0,0,9
6,142,1,1,0,0,0,8
7,142,1,1,0,0,0,9
8,142,1,1,0,0,0,9
9,142,1,1,0,0,0,6
10,142,1,1,0,0,0,9
0,143,1,1,51,51,0,9
1,143,1,1,50,54,0,0
2,143,1,1,0,0,0,8
3,143,1,1,0,0,0,9
4,143,1,1,0,0,0,8
5,143,1,1,0,0,0,9
6,143,1,1,0,0,0,8
7,143,1,1,0,0,0,9
8,143,1,1,0,0,0,9
9,143,1,1,0,0,0,6
10,143,1,1,0,0,0,9
0,144,1,1,51,51,0,9
1,144,1,1,50,54,0,0
2,144,1,1,0,0,0,8
3,144,1,1,0,0,0,9
4,144,1,1,0,0,0,8
5,144,1,1,0,0,0,9
6,144,1,1,0,0,0,8
7,144,1,1,0,0,0,9
8,144,1,1,0,0,0,9
9,144,1,1,0,0,0,6
10,144,1,1,0,0,0,9
0,145,1,1,51,51,0,9
1,145,1,1,50,54,0,0
2,145,1,1,0,0,0,8
3,145,1,1,0,0,0,9
4,145,1,1,0,0,0,8
5,145,1,1,0,0,0,9
6,145,1,1,0,0,0,8
7,145,1,1,0,0,0,9
8,145,1,1,0,0,0,9
9,145,1,1,0,0,0,6
10,145,1,1,0,0,0,9
0,147,1,1,51,51,0,9
1,147,1,1,50,54,0,0
2,147,1,1,0,0,0,8
3,147,1,1,0,0,0,9
4,147,1,1,0,0,0,8
5,147,1,1,0,0,0,9
6,147,1,1,0,0,0,8
7,147,1,1,0,0,0,9
8,147,1,1,0,0,0,9
9,147,1,1,0,0,0,6
10,147,1,1,0,0,0,9
0,148,1,1,51,51,0,9
1,148,1,1,50,54,0,0
2,148,1,1,0,0,0,8
3,148,1,1,0,0,0,9
4,148,1,1,0,0,0,8
5,148,1,1,0,0,0,9
6,148,1,1,0,0,0,8
7,148,1,1,0,0,0,9
8,148,1,1,0,0,0,9
9,148,1,1,0,0,0,6
10,148,1,1,0,0,0,9
0,149,1,1,51,51,0,9
1,149,1,1,50,54,0,0
2,149,1,1,0,0,0,8
3,149,1,1,0,0,0,9
4,149,1,1,0,0,0,8
5,149,1,1,0,0,0,9
6,149,1,1,0,0,0,8
7,149,1,1,0,0,0,9
8,149,1,1,0,0,0,9
9,149,1,1,0,0,0,6
10,149,1,1,0,0,0,9
0,151,1,1,51,51,0,9
1,151,1,1,50,54,0,0
2,151,1,1,0,0,0,8
3,151,1,1,0,0,0,9
4,151,1,1,0,0,0,8
5,151,1,1,0,0,0,9
6,151,1,1,0,0,0,8
7,151,1,1,0,0,0,9
8,151,1,1,0,0,0,9
9,151,1,1,0,0,0,6
10,151,1,1,0,0,0,9
0,152,1,1,51,51,0,9
1,152,1,1,50,54,0,0
2,152,1,1,0,0,0,8
3,152,1,1,0,0,0,9
4,152,1,1,0,0,0,8
5,152,1,1,0,0,0,9
6,152,1,1,0,0,0,8
7,152,1,1,0,0,0,9
8,152,1,1,0,0,0,9
9,152,1,1,0,0,0,6
10,152,1,1,0,0,0,9
0,153,1,1,51,51,0,9
1,153,1,1,50,54,0,0
2,153,1,1,0,0,0,8
3,153,1,1,0,0,0,9
4,153,1,1,0,0,0,8
5,153,1,1,0,0,0,9
6,153,1,1,0,0,0,8
7,153,1,1,0,0,0,9
8,153,1,1,0,0,0,9
9,153,1,1,0,0,0,6
10,153,1,1,0,0,0,9
0,154,1,1,51,51,0,9
1,154,1,1,50,54,0,0
2,154,1,1,0,0,0,8
3,154,1,1,0,0,0,9
4,154,1,1,0,0,0,8
5,154,1,1,0,0,0,9
6,154,1,1,0,0,0,8
7,154,1,1,0,0,0,9
8,154,1,1,0,0,0,9
9,154,1,1,0,0,0,6
10,154,1,1,0,0,0,9
0,156,1,1,51,51,0,9
1,156,1,1,50,54,0,0
2,156,1,1,0,0,0,8
3,156,1,1,0,0,0,9
4,156,1,1,0,0,0,8
5,156,1,1,0,0,0,9
6,156,1,1,0,0,0,8
7,156,1,1,0,0,0,9
8,156,1,1,0,0,0,9
9,156,1,1,0,0,0,6
10,156,1,1,0,0,0,9
0,157,1,1,51,51,0,9
1,157,1,1,50,54,0,0
2,157,1,1,0,0,0,8
3,157,1,1,0,0,0,9
4,157,1,1,0,0,0,8
5,157,1,1,0,0,0,9
6,157,1,1,0,0,0,8
7,157,1,1,0,0,0,9
8,157,1,1,0,0,0,8
9,157,1,1,0,0,0,6
10,157,1,1,0,0,0,9
0,158,1,1,51,51,0,9
1,158,1,1,50,54,0,0
2,158,1,1,0,0,0,8
3,158,1,1,0,0,0,9
4,158,1,1,0,0,0,8
5,158,1,1,0,0,0,9
6,158,1,1,0,0,0,8
7,158,1,1,0,0,0,9
8,158,1,1,0,0,0,8
9,158,1,1,0,0,0,6
10,158,1,1,0,0,0,9
0,160,1,1,51,51,0,9
1,160,1,1,50,54,0,0
2,160,1,1,0,0,0,8
3,160,1,1,0,0,0,9
4,160,1,1,0,0,0,8
5,160,1,1,0,0,0,9
6,160,1,1,0,0,0,8
7,160,1,1,0,0,0,9
8,160,1,1,0,0,0,8
9,160,1,1,0,0,0,6
10,160,1,1,0,0,0,9
0,161,1,1,51,51,0,9
1,161,1,1,50,54,0,0
2,161,1,1,0,0,0,8
3,161,1,1,0,0,0,9
4,161,1,1,0,0,0,8
5,161,1,1,0,0,1,9
6,161,1,1,0,0,0,8
7,161,1,1,0,0,0,9
8,161,1,1,0,0,0,8
9,161,1,1,0,0,0,6
10,161,1,1,0,0,0,9
0,162,1,1,51,51,0,9
1,162,1,1,50,54,0,0
2,162,1,1,0,0,0,8
3,162,1,1,0,0,0,9
4,162,1,1,0,0,0,8
5,162,1,1,0,0,0,9
6,162,1,1,0,0,0,8
7,162,1,1,0,0,0,9
8,162,1,1,0,0,0,8
9,162,1,1,0,0,0,6
10,162,1,1,0,0,0,9
0,164,1,1,51,51,0,9
1,164,1,1,50,54,0,0
2,164,1,1,0,0,0,8
3,164,1,1,0,0,0,9
4,164,1,1,0,0,0,8
5,164,1,1,0,0,0,9
6,164,1,1,0,0,0,8
7,164,1,1,0,0,0,9
8,164,1,1,0,0,0,8
9,164,1,1,0,0,0,6
10,164,1,1,0,0,0,9
0,165,1,1,51,51,0,9
1,165,1,1,50,54,0,0
2,165,1,1,0,0,0,8
3,165,1,1,0,0,0,9
4,165,1,1,0,0,0,8
5,165,1,1,0,0,0,9
6,165,1,1,0,0,0,8
7,165,1,1,0,0,0,9
8,165,1,1,0,0,0,8
9,165,1,1,0,0,0,6
10,165,1,1,0,0,0,9
0,166,1,1,51,51,0,9
1,166,1,1,50,54,0,0
2,166,1,1,0,0,0,8
3,166,1,1,0,0,0,9
4,166,1,1,0,0,0,8
5,166,1,1,0,0,0,9
6,166,1,1,0,0,0,8
7,166,1,1,0,0,0,9
8,166,1,1,0,0,0,8
9,166,1,1,0,0,0,6
10,166,1,1,0,0,0,9
0,167,1,1,51,51,0,9
1,167,1,1,50,54,0,0
2,167,1,1,0,0,0,8
3,167,1,1,0,0,0,9
4,167,1,1,0,0,0,8
5,167,1,1,0,0,0,9
6,167,1,1,0,0,0,8
7,167,1,1,0,0,0,9
8,167,1,1,0,0,0,8
9,167,1,1,0,0,0,6
10,167,1,1,0,0,0,9
0,169,1,1,51,51,0,9
1,169,1,1,50,54,0,0
2,169,1,1,0,0,0,8
3,169,1,1,0,0,0,9
4,169,1,1,0,0,0,8
5,169,1,1,0,0,0,9
6,169,1,1,0,0,0,8
7,169,1,1,0,0,0,9
8,169,1,1,0,0,0,8
9,169,1,1,0,0,0,6
10,169,1,1,0,0,0,9
0,170,1,1,51,51,0,9
1,170,1,1,50,54,0,0
2,170,1,1,0,0,0,8
3,170,1,1,0,0,0,9
4,170,1,1,0,0,0,8
5,170,1,1,0,0,0,9
6,170,1,1,0,0,0,8
7,170,1,1,0,0,0,9
8,170,1,1,0,0,0,8
9,170,1,1,0,0,0,6
10,170,1,1,0,0,0,9
0,171,1,1,51,51,0,9
1,171,1,1,50,54,0,0
2,171,1,1,0,0,0,8
3,171,1,1,0,0,0,9
4,171,1,1,0,0,0,8
5,171,1,1,0,0,0,9
6,171,1,1,0,0,1,8
7,171,1,1,0,0,0,9
8,171,1,1,0,0,0,8
9,171,1,1,0,0,0,6
10,171,1,1,0,0,0,9
0,173,1,1,51,51,0,9
1,173,1,1,50,54,0,0
2,173,1,1,0,0,0,8
3,173,1,1,0,0,0,9
4,173,1,1,0,0,0,8
5,173,1,1,0,0,0,9
6,173,1,1,0,0,0,8
7,173,1,1,0,0,0,9
8,173,1,1,0,0,0,8
9,173,1,1,0,0,0,6
10,173,1,1,0,0,0,9
0,174,1,1,51,51,0,9
1,174,1,1,50,54,0,0
2,174,1,1,0,0,0,8
3,174,1,1,0,0,0,9
4,174,1,1,0,0,0,8
5,174,1,1,0,0,0,9
6,174,1,1,0,0,0,8
7,174,1,1,0,0,0,9
8,174,1,1,0,0,0,8
9,174,1,1,0,0,0,6
10,174,1,1,0,0,0,9
0,175,1,1,51,51,0,9
1,175,1,1,50,54,0,0
2,175,1,1,0,0,0,8
3,175,1,1,0,0,0,9
4,175,1,1,0,0,0,8
5,175,1,1,0,0,0,9
6,175,1,1,0,0,0,8
7,175,1,1,0,0,0,9
8,175,1,1,0,0,0,8
9,175,1,1,0,0,0,6
10,175,1,1,0,0,0,9
0,176,1,1,51,51,0,9
1,176,1,1,50,54,0,0
2,176,1,1,0,0,0,8
3,176,1,1,0,0,0,9
4,176,1,1,0,0,0,8
5,176,1,1,0,0,0,9
6,176,1,1,0,0,0,8
7,176,1,1,0,0,0,9
8,176,1,1,0,0,0,8
9,176,1,1,0,0,0,6
10,176,1,1,0,0,0,9
0,178,1,1,51,51,0,9
1,178,1,1,50,54,0,0
2,178,1,1,0,0,0,8
3,178,1,1,0,0,0,9
4,178,1,1,0,0,0,8
5,178,1,1,0,0,0,9
6,178,1,1,0,0,0,8
7,178,1,1,0,0,0,9
8,178,1,1,0,0,0,8
9,178,1,1,0,0,0,6
10,178,1,1,0,0,0,9
0,179,1,1,51,51,0,9
1,179,1,1,50,54,0,0
2,179,1,1,0,0,0,8
3,179,1,1,0,0,0,9
4,179,1,1,0,0,0,8
5,179,1,1,0,0,0,9
6,179,1,1,0,0,0,8
7,179,1,1,0,0,0,9
8,179,1,1,0,0,0,8
9,179,1,1,0,0,0,6
10,179,1,1,0,0,0,9
0,180,1,1,51,51,0,9
1,180,1,1,50,54,0,0
2,180,1,1,0,0,0,8
3,180,1,1,0,0,0,9
4,180,1,1,0,0,0,8
5,180,1,1,0,0,0,9
6,180,1,1,0,0,0,8
7,180,1,1,0,0,0,9
8,180,1,1,0,0,0,8
9,180,1,1,0,0,0,6
10,180,1,1,0,0,0,9
0,182,1,1,51,51,0,9
1,182,1,1,50,54,0,0
2,182,1,1,0,0,0,8
3,182,1,1,0,0,0,9
4,182,1,1,0,0,0,8
5,182,1,1,0,0,0,9
6,182,1,1,0,0,0,8
7,182,1,1,0,0,1,9
8,182,1,1,0,0,0,8
9,182,1,1,0,0,0,6
10,182,1,1,0,0,0,9
0,183,1,1,51,51,0,9
1,183,1,1,50,54,0,0
2,183,1,1,0,0,0,8
3,183,1,1,0,0,0,9
4,183,1,1,0,0,0,8
5,183,1,1,0,0,0,9
6,183,1,1,0,0,0,8
7,183,1,1,0,0,0,9
8,183,1,1,0,0,0,9
9,183,1,1,0,0,0,6
10,183,1,1,0,0,0,9
0,184,1,1,51,51,0,9
1,184,1,1,50,54,0,0
2,184,1,1,0,0,0,8
3,184,1,1,0,0,0,9
4,184,1,1,0,0,0,8
5,184,1,1,0,0,0,9
6,184,1,1,0,0,0,8
7,184,1,1,0,0,0,9
8,184,1,1,0,0,0,9
9,184,1,1,0,0,0,6
10,184,1,1,0,0,0,9
0,185,1,1,51,51,0,9
1,185,1,1,50,54,0,0
2,185,1,1,0,0,0,8
3,185,1,1,0,0,0,9
4,185,1,1,0,0,0,8
5,185,1,1,0,0,0,9
6,185,1,1,0,0,0,8
7,185,1,1,0,0,0,9
8,185,1,1,0,0,0,9
9,185,1,1,0,0,0,6
10,185,1,1,0,0,0,9
0,187,1,1,51,51,0,9
1,187,1,1,50,54,0,0
2,187,1,1,0,0,0,8
3,187,1,1,0,0,0,9
4,187,1,1,0,0,0,8
5,187,1,1,0,0,0,9
6,187,1,1,0,0,0,8
7,187,1,1,0,0,0,9
8,187,1,1,0,0,0,9
9,187,1,1,0,0,0,6
10,187,1,1,0,0,0,9
0,188,1,1,51,51,0,9
1,188,1,1,50,54,0,0
2,188,1,1,0,0,0,8
3,188,1,1,0,0,0,9
4,188,1,1,0,0,0,8
5,188,1,1,0,0,0,9
6,188,1,1,0,0,0,8
7,188,1,1,0,0,0,9
8,188,1,1,0,0,0,9
9,188,1,1,0,0,0,6
10,188,1,1,0,0,0,9
0,189,1,1,51,51,0,9
1,189,1,1,50,54,0,0
2,189,1,1,0,0,0,8
3,189,1,1,0,0,0,9
4,189,1,1,0,0,0,8
5,189,1,1,0,0,0,9
6,189,1,1,0,0,0,8
7,189,1,1,0,0,0,9
8,189,1,1,0,0,0,9
9,189,1,1,0,0,0,6
10,189,1,1,0,0,0,9
0,191,1,1,51,51,0,9
1,191,1,1,50,54,0,0
2,191,1,1,0,0,0,8
3,191,1,1,0,0,0,9
4,191,1,1,0,0,0,8
5,191,1,1,0,0,0,9
6,191,1,1,0,0,0,8
7,191,1,1,0,0,0,9
8,191,1,1,0,0,0,9
9,191,1,1,0,0,0,6
10,191,1,1,0,0,0,9
0,192,1,1,51,51,0,9
1,192,1,1,50,54,0,0
2,192,1,1,0,0,0,8
3,192,1,1,0,0,0,9
4,192,1,1,0,0,0,8
5,192,1,1,0,0,0,9
6,192,1,1,0,0,0,8
7,192,1,1,0,0,0,9
8,192,1,1,0,0,0,9
9,192,1,1,0,0,0,6
10,192,1,1,0,0,0,9
0,193,1,1,51,51,0,9
1,193,1,1,50,54,0,0
2,193,1,1,0,0,0,8
3,193,1,1,0,0,0,9
4,193,1,1,0,0,0,8
5,193,1,1,0,0,0,9
6,193,1,1,0,0,0,8
7,193,1,1,0,0,0,9
8,193,1,1,0,0,0,9
9,193,1,1,0,0,0,6
10,193,1,1,0,0,0,9
0,195,1,1,51,51,0,9
1,195,1,1,50,54,0,0
2,195,1,1,0,0,0,8
3,195,1,1,0,0,0,9
4,195,1,1,0,0,0,8
5,195,1,1,0,0,0,9
6,195,1,1,0,0,0,8
7,195,1,1,0,0,0,9
8,195,1,1,0,0,0,9
9,195,1,1,0,0,0,6
10,195,1,1,0,0,0,9
0,196,1,1,51,51,0,9
1,196,1,1,50,54,0,0
2,196,1,1,0,0,0,8
3,196,1,1,0,0,0,9
4,196,1,1,0,0,0,8
5,196,1,1,0,0,0,9
6,196,1,1,0,0,0,8
7,196,1,1,0,0,0,9
8,196,1,1,0,0,0,9
9,196,1,1,0,0,0,6
10,196,1,1,0,0,0,9
0,197,1,1,51,51,0,9
1,197,1,1,50,54,0,0
2,197,1,1,0,0,0,8
3,197,1,1,0,0,0,9
4,197,1,1,0,0,0,8
5,197,1,1,0,0,0,9
6,197,1,1,0,0,0,8
7,197,1,1,0,0,0,9
8,197,1,1,0,0,0,9
9,197,1,1,0,0,0,6
10,197,1,1,0,0,0,9
0,198,1,1,51,51,0,9
1,198,1,1,50,54,0,0
2,198,1,1,0,0,0,8
3,198,1,1,0,0,0,9
4,198,1,1,0,0,0,8
5,198,1,1,0,0,0,9
6,198,1,1,0,0,0,8
7,198,1,1,0,0,0,9
8,198,1,1,0,0,0,9
9,198,1,1,0,0,0,6
10,198,1,1,0,0,0,9
0,200,1,1,51,51,0,9
1,200,1,1,50,54,0,0
2,200,1,1,0,0,0,8
3,200,1,1,0,0,0,9
4,200,1,1,0,0,0,8
5,200,1,1,0,0,0,9
6,200,1,1,0,0,0,8
7,200,1,1,0,0,0,9
8,200,1,1,0,0,0,9
9,200,1,1,0,0,0,6
10,200,1,1,0,0,0,9
0,201,1,1,51,51,0,9
1,201,1,1,50,54,0,0
2,201,1,1,0,0,0,8
3,201,1,1,0,0,0,9
4,201,1,1,0,0,0,8
5,201,1,1,0,0,0,9
6,201,1,1,0,0,0,8
7,201,1,1,0,0,0,9
8,201,1,1,0,0,0,9
9,201,1,1,0,0,1,6
10,201,1,1,0,0,0,9
0,202,1,1,51,51,0,9
1,202,1,1,50,54,0,0
2,202,1,1,0,0,0,8
3,202,1,1,0,0,0,9
4,202,1,1,0,0,0,8
5,202,1,1,0,0,0,9
6,202,1,1,0,0,0,8
7,202,1,1,0,0,0,9
8,202,1,1,0,0,0,9
9,202,1,1,0,0,0,6
10,202,1,1,0,0,0,9
0,204,1,1,51,51,0,9
1,204,1,1,50,54,0,0
2,204,1,1,0,0,0,8
3,204,1,1,0,0,0,9
4,204,1,1,0,0,0,8
5,204,1,1,0,0,0,9
6,204,1,1,0,0,0,8
7,204,1,1,0,0,0,9
8,204,1,1,0,0,0,9
9,204,1,1,0,0,0,6
10,204,1,1,0,0,0,9
0,205,1,1,51,51,0,9
1,205,1,1,50,54,0,0
2,205,1,1,0,0,0,8
3,205,1,1,0,0,0,9
4,205,1,1,0,0,0,8
5,205,1,1,0,0,0,9
6,205,1,1,0,0,0,8
7,205,1,1,0,0,0,9
8,205,1,1,0,0,0,9
9,205,1,1,0,0,0,6
10,205,1,1,0,0,0,9
0,206,1,1,51,51,0,9
1,206,1,1,50,54,0,0
2,206,1,1,0,0,0,8
3,206,1,1,0,0,0,9
4,206,1,1,0,0,0,8
5,206,1,1,0,0,0,9
6,206,1,1,0,0,0,8
7,206,1,1,0,0,0,9
8,206,1,1,0,0,0,9
9,206,1,1,0,0,0,6
10,206,1,1,0,0,0,9
0,207,1,1,51,51,0,9
1,207,1,1,50,54,0,0
2,207,1,1,0,0,0,8
3,207,1,1,0,0,0,9
4,207,1,1,0,0,0,8
5,207,1,1,0,0,0,9
6,207,1,1,0,0,0,8
7,207,1,1,0,0,0,9
8,207,1,1,0,0,0,9
9,207,1,1,0,0,0,6
10,207,1,1,0,0,0,9
0,209,1,1,51,51,0,9
1,209,1,1,50,54,0,0
2,209,1,1,0,0,0,8
3,209,1,1,0,0,0,9
4,209,1,1,0,0,0,8
5,209,1,1,0,0,0,9
6,209,1,1,0,0,0,8
7,209,1,1,0,0,0,9
8,209,1,1,0,0,0,9
9,209,1,1,0,0,0,6
10,209,1,1,0,0,0,9
0,210,1,1,51,51,0,9
1,210,1,1,50,54,0,0
2,210,1,1,0,0,0,8
3,210,1,1,0,0,0,9
4,210,1,1,0,0,0,8
5,210,1,1,0,0,0,9
6,210,1,1,0,0,0,8
7,210,1,1,0,0,0,9
8,210,1,1,0,0,0,9
9,210,1,1,0,0,0,6
10,210,1,1,0,0,0,9
0,211,1,1,51,51,0,9
1,211,1,1,50,54,0,0
2,211,1,1,0,0,0,8
3,211,1,1,0,0,0,9
4,211,1,1,0,0,0,8
5,211,1,1,0,0,0,9
6,211,1,1,0,0,0,8
7,211,1,1,0,0,0,9
8,211,1,1,0,0,0,9
9,211,1,1,0,0,0,6
10,211,1,1,0,0,1,9
0,213,1,1,51,51,0,9
1,213,1,1,50,54,0,0
2,213,1,1,0,0,0,8
3,213,1,1,0,0,0,9
4,213,1,1,0,0,0,8
5,213,1,1,0,0,0,9
6,213,1,1,0,0,0,8
7,213,1,1,0,0,0,9
8,213,1,1,0,0,0,9
9,213,1,1,0,0,0,6
10,213,1,1,0,0,0,9
0,214,1,1,51,51,0,9
1,214,1,1,50,54,0,0
2,214,1,1,0,0,0,8
3,214,1,1,0,0,0,9
4,214,1,1,0,0,0,8
5,214,1,1,0,0,0,9
6,214,1,1,0,0,0,8
7,214,1,1,0,0,0,9
8,214,1,1,0,0,0,9
9,214,1,1,0,0,0,6
10,214,1,1,0,0,0,9
0,215,1,1,51,51,0,9
1,215,1,1,50,54,0,0
2,215,1,1,0,0,0,8
3,215,1,1,0,0,0,9
4,215,1,1,0,0,0,8
5,215,1,1,0,0,0,9
6,215,1,1,0,0,0,8
7,215,1,1,0,0,0,9
8,215,1,1,0,0,0,9
9,215,1,1,0,0,0,6
10,215,1,1,0,0,0,9
0,216,1,1,51,51,0,9
1,216,1,1,50,54,0,0
2,216,1,1,0,0,0,8
3,216,1,1,0,0,0,9
4,216,1,1,0,0,0,8
5,216,1,1,0,0,0,9
6,216,1,1,0,0,0,8
7,216,1,1,0,0,0,9
8,216,1,1,0,0,0,9
9,216,1,1,0,0,0,6
10,216,1,1,0,0,0,9
0,218,1,1,51,51,0,9
1,218,1,1,50,54,0,0
2,218,1,1,0,0,0,8
3,218,1,1,0,0,0,9
4,218,1,1,0,0,0,8
5,218,1,1,0,0,0,9
6,218,1,1,0,0,0,8
7,218,1,1,0,0,0,9
8,218,1,1,0,0,0,9
9,218,1,1,0,0,0,6
10,218,1,1,0,0,0,9
0,219,1,1,51,51,0,9
1,219,1,1,50,54,0,0
2,219,1,1,0,0,0,8
3,219,1,1,0,0,0,9
4,219,1,1,0,0,0,8
5,219,1,1,0,0,0,9
6,219,1,1,0,0,0,8
7,219,1,1,0,0,0,9
8,219,1,1,0,0,0,9
9,219,1,1,0,0,0,6
10,219,1,1,0,0,0,9
0,220,1,1,51,51,0,9
1,220,1,1,50,54,0,0
2,220,1,1,0,0,0,8
3,220,1,1,0,0,0,9
4,220,1,1,0,0,0,8
5,220,1,1,0,0,0,9
6,220,1,1,0,0,0,8
7,220,1,1,0,0,0,9
8,220,1,1,0,0,0,9
9,220,1,1,0,0,0,6
10,220,1,1,0,0,0,9
0,222,1,1,51,51,0,9
1,222,1,1,50,54,0,0
2,222,1,1,0,0,0,8
3,222,1,1,0,0,0,9
4,222,1,1,0,0,0,8
5,222,1,1,0,0,0,9
6,222,1,1,0,0,0,8
7,222,1,1,0,0,0,9
8,222,1,1,0,0,0,9
9,222,1,1,0,0,0,6
10,222,1,1,0,0,0,9
0,223,1,1,51,51,0,9
1,223,1,1,50,54,0,0
2,223,1,1,0,0,0,8
3,223,1,1,0,0,0,9
4,223,1,1,0,0,0,8
5,223,1,1,0,0,0,9
6,223,1,1,0,0,0,8
7,223,1,1,0,0,0,9
8,223,1,1,0,0,0,9
9,223,1,1,0,0,0,6
10,223,1,1,0,0,0,9
0,224,1,1,51,51,0,9
1,224,1,1,50,54,0,0
2,224,1,1,0,0,0,8
3,224,1,1,0,0,0,9
4,224,1,1,0,0,0,8
5,224,1,1,0,0,0,9
6,224,1,1,0,0,0,8
7,224,1,1,0,0,0,9
8,224,1,1,0,0,0,9
9,224,1,1,0,0,0,6
10,224,1,1,0,0,0,9
0,226,1,1,51,51,0,9
1,226,1,1,50,54,0,0
2,226,1,1,0,0,0,8
3,226,1,1,0,0,0,9
4,226,1,1,0,0,0,8
5,226,1,1,0,0,0,9
6,226,1,1,0,0,0,8
7,226,1,1,0,0,0,9
8,226,1,1,0,0,0,9
9,226,1,1,0,0,0,6
10,226,1,1,0,0,0,9
0,227,1,1,51,51,0,9
1,227,1,1,50,54,0,0
2,227,1,1,0,0,0,8
3,227,1,1,0,0,0,9
4,227,1,1,0,0,0,8
5,227,1,1,0,0,0,9
6,227,1,1,0,0,0,8
7,227,1,1,0,0,0,9
8,227,1,1,0,0,0,9
9,227,1,1,0,0,0,6
10,227,1,1,0,0,0,9
0,228,1,1,51,51,0,9
1,228,1,1,50,54,0,0
2,228,1,1,0,0,0,8
3,228,1,1,0,0,0,9
4,228,1,1,0,0,0,8
5,228,1,1,0,0,0,9
6,228,1,1,0,0,0,8
7,228,1,1,0,0,0,9
8,228,1,1,0,0,0,9
9,228,1,1,0,0,0,6
10,228,1,1,0,0,0,9
0,229,1,1,51,51,0,9
1,229,1,1,50,54,0,0
2,229,1,1,0,0,0,8
3,229,1,1,0,0,0,9
4,229,1,1,0,0,0,8
5,229,1,1,0,0,0,9
6,229,1,1,0,0,0,8
7,229,1,1,0,0,0,9
8,229,1,1,0,0,0,9
9,229,1,1,0,0,0,6
10,229,1,1,0,0,0,9
0,231,1,1,51,51,0,9
1,231,1,1,50,54,0,0
2,231,1,1,0,0,0,8
3,231,1,1,0,0,0,9
4,231,1,1,0,0,0,8
5,231,1,1,0,0,0,9
6,231,1,1,0,0,0,8
7,231,1,1,0,0,0,9
8,231,1,1,0,0,0,9
9,231,1,1,0,0,0,6
10,231,1,1,0,0,0,9
0,232,1,1,51,51,0,9
1,232,1,1,50,54,0,0
2,232,1,1,0,0,0,8
3,232,1,1,0,0,0,9
4,232,1,1,0,0,0,8
5,232,1,1,0,0,0,9
6,232,1,1,0,0,0,8
7,232,1,1,0,0,0,9
8,232,1,1,0,0,0,9
9,232,1,1,0,0,0,6
10,232,1,1,0,0,0,9
0,233,1,1,51,51,0,9
1,233,1,1,50,54,0,0
2,233,1,1,0,0,0,8
3,233,1,1,0,0,0,9
4,233,1,1,0,0,0,8
5,233,1,1,0,0,0,9
6,233,1,1,0,0,0,8
7,233,1,1,0,0,0,9
8,233,1,1,0,0,0,9
9,233,1,1,0,0,0,6
10,233,1,1,0,0,0,9
0,235,1,1,51,51,0,9
1,235,1,1,50,54,0,0
2,235,1,1,0,0,0,8
3,235,1,1,0,0,0,9
4,235,1,1,0,0,0,8
5,235,1,1,0,0,0,9
6,235,1,1,0,0,0,8
7,235,1,1,0,0,0,9
8,235,1,1,0,0,0,9
9,235,1,1,0,0,0,6
10,235,1,1,0,0,0,9
0,236,1,1,51,51,0,9
1,236,1,1,50,54,0,0
2,236,1,1,0,0,0,8
3,236,1,1,0,0,0,9
4,236,1,1,0,0,0,8
5,236,1,1,0,0,0,9
6,236,1,1,0,0,0,8
7,236,1,1,0,0,0,9
8,236,1,1,0,0,0,9
9,236,1,1,0,0,0,6
10,236,1,1,0,0,0,9
0,237,1,1,51,51,0,9
1,237,1,1,50,54,0,0
2,237,1,1,0,0,0,8
3,237,1,1,0,0,0,9
4,237,1,1,0,0,0,8
5,237,1,1,0,0,0,9
6,237,1,1,0,0,0,8
7,237,1,1,0,0,0,9
8,237,1,1,0,0,0,9
9,237,1,1,0,0,0,6
10,237,1,1,0,0,0,9
0,238,1,1,51,51,0,9
1,238,1,1,50,54,0,0
2,238,1,1,0,0,0,8
3,238,1,1,0,0,0,9
4,238,1,1,0,0,0,8
5,238,1,1,0,0,0,9
6,238,1,1,0,0,0,8
7,238,1,1,0,0,0,9
8,238,1,1,0,0,0,9
9,238,1,1,0,0,0,6
10,238,1,1,0,0,0,9
0,240,1,1,51,51,0,9
1,240,1,1,50,54,0,0
2,240,1,1,0,0,0,8
3,240,1,1,0,0,0,9
4,240,1,1,0,0,0,8
5,240,1,1,0,0,0,9
6,240,1,1,0,0,0,8
7,240,1,1,0,0,0,9
8,240,1,1,0,0,0,9
9,240,1,1,0,0,0,6
10,240,1,1,0,0,0,9
0,241,1,1,51,51,0,9
1,241,1,1,50,54,0,0
2,241,1,1,0,0,1,8
3,241,1,1,0,0,0,9
4,241,1,1,0,0,0,8
5,241,1,1,0,0,0,9
6,241,1,1,0,0,0,8
7,241,1,1,0,0,0,9
8,241,1,1,0,0,0,9
9,241,1,1,0,0,0,6
10,241,1,1,0,0,0,9
0,242,1,1,51,51,0,9
1,242,1,1,50,54,0,0
2,242,1,1,0,0,0,8
3,242,1,1,0,0,0,9
4,242,1,1,0,0,0,8
5,242,1,1,0,0,0,9
6,242,1,1,0,0,0,8
7,242,1,1,0,0,0,9
8,242,1,1,0,0,0,9
9,242,1,1,0,0,0,6
10,242,1,1,0,0,0,9
0,244,1,1,51,51,0,9
1,244,1,1,50,54,0,0
2,244,1,1,0,0,0,8
3,244,1,1,0,0,0,9
4,244,1,1,0,0,0,8
5,244,1,1,0,0,0,9
6,244,1,1,0,0,0,8
7,244,1,1,0,0,0,9
8,244,1,1,0,0,0,9
9,244,1,1,0,0,0,6
10,244,1,1,0,0,0,9
0,245,1,1,51,51,0,9
1,245,1,1,50,54,0,0
2,245,1,1,0,0,0,8
3,245,1,1,0,0,0,9
4,245,1,1,0,0,0,8
5,245,1,1,0,0,0,9
6,245,1,1,0,0,0,8
7,245,1,1,0,0,0,9
8,245,1,1,0,0,0,9
9,245,1,1,0,0,0,6
10,245,1,1,0,0,0,9
0,246,1,1,51,51,0,9
1,246,1,1,50,54,0,0
2,246,1,1,0,0,0,8
3,246,1,1,0,0,0,9
4,246,1,1,0,0,0,8
5,246,1,1,0,0,0,9
6,246,1,1,0,0,0,8
7,246,1,1,0,0,0,9
8,246,1,1,0,0,0,9
9,246,1,1,0,0,0,6
10,246,1,1,0,0,0,9
0,247,1,1,51,51,0,9
1,247,1,1,50,54,0,0
2,247,1,1,0,0,0,8
3,247,1,1,0,0,0,9
4,247,1,1,0,0,0,8
5,247,1,1,0,0,0,9
6,247,1,1,0,0,0,8
7,247,1,1,0,0,0,9
8,247,1,1,0,0,0,9
9,247,1,1,0,0,0,6
10,247,1,1,0,0,0,9
0,249,1,1,51,51,0,9
1,249,1,1,50,54,0,0
2,249,1,1,0,0,0,8
3,249,1,1,0,0,0,9
4,249,1,1,0,0,0,8
5,249,1,1,0,0,0,9
6,249,1,1,0,0,0,8
7,249,1,1,0,0,0,9
8,249,1,1,0,0,0,9
9,249,1,1,0,0,0,6
10,249,1,1,0,0,0,9
0,250,1,1,51,51,0,9
1,250,1,1,50,54,0,0
2,250,1,1,0,0,0,8
3,250,1,1,0,0,0,9
4,250,1,1,0,0,0,8
5,250,1,1,0,0,0,9
6,250,1,1,0,0,0,8
7,250,1,1,0,0,0,9
8,250,1,1,0,0,0,9
9,250,1,1,0,0,0,6
10,250,1,1,0,0,0,9
0,251,1,1,51,51,0,9
1,251,1,1,50,54,0,0
2,251,1,1,0,0,0,8
3,251,1,1,0,0,1,9
4,251,1,1,0,0,0,8
5,251,1,1,0,0,0,9
6,251,1,1,0,0,0,8
7,251,1,1,0,0,0,9
8,251,1,1,0,0,0,9
9,251,1,1,0,0,0,6
10,251,1,1,0,0,0,9
0,253,1,1,51,51,0,9
1,253,1,1,50,54,0,0
2,253,1,1,0,0,0,8
3,253,1,1,0,0,0,9
4,253,1,1,0,0,0,8
5,253,1,1,0,0,0,9
6,253,1,1,0,0,0,8
7,253,1,1,0,0,0,9
8,253,1,1,0,0,0,9
9,253,1,1,0,0,0,6
10,253,1,1,0,0,0,9
0,254,1,1,51,51,0,9
1,254,1,1,50,54,0,0
2,254,1,1,0,0,0,8
3,254,1,1,0,0,0,9
4,254,1,1,0,0,0,8
5,254,1,1,0,0,0,9
6,254,1,1,0,0,0,8
7,254,1,1,0,0,0,9
8,254,1,1,0,0,0,9
9,254,1,1,0,0,0,6
10,254,1,1,0,0,0,9
0,255,1,1,51,51,0,9
1,255,1,1,50,54,0,0
2,255,1,1,0,0,0,8
3,255,1,1,0,0,0,9
4,255,1,1,0,0,0,8
5,255,1,1,0,0,0,9
6,255,1,1,0,0,0,8
7,255,1,1,0,0,0,9
8,255,1,1,0,0,0,9
9,255,1,1,0,0,0,6
10,255,1,1,0,0,0,9
0,257,1,1,51,51,0,9
1,257,1,1,50,54,0,0
2,257,1,1,0,0,0,8
3,257,1,1,0,0,0,9
4,257,1,1,0,0,0,8
5,257,1,1,0,0,0,9
6,257,1,1,0,0,0,8
7,257,1,1,0,0,0,9
8,257,1,1,0,0,0,9
9,257,1,1,0,0,0,6
10,257,1,1,0,0,0,9
0,258,1,1,51,51,0,9
1,258,1,1,50,54,0,0
2,258,1,1,0,0,0,8
3,258,1,1,0,0,0,9
4,258,1,1,0,0,0,8
5,258,1,1,0,0,0,9
6,258,1,1,0,0,0,8
7,258,1,1,0,0,0,9
8,258,1,1,0,0,0,9
9,258,1,1,0,0,0,6
10,258,1,1,0,0,0,9
0,259,1,1,51,51,0,9
1,259,1,1,50,54,0,0
2,259,1,1,0,0,0,8
3,259,1,1,0,0,0,9
4,259,1,1,0,0,0,8
5,259,1,1,0,0,0,9
6,259,1,1,0,0,0,8
7,259,1,1,0,0,0,9
8,259,1,1,0,0,0,9
9,259,1,1,0,0,0,6
10,259,1,1,0,0,0,9
0,260,1,1,51,51,0,9
1,260,1,1,50,54,0,0
2,260,1,1,0,0,0,8
3,260,1,1,0,0,0,9
4,260,1,1,0,0,0,8
5,260,1,1,0,0,0,9
6,260,1,1,0,0,0,8
7,260,1,1,0,0,0,9
8,260,1,1,0,0,0,9
9,260,1,1,0,0,0,6
10,260,1,1,0,0,0,9
0,262,1,1,51,51,0,9
1,262,1,1,50,54,0,0
2,262,1,1,0,0,0,8
3,262,1,1,0,0,0,9
4,262,1,1,0,0,1,8
5,262,1,1,0,0,0,9
6,262,1,1,0,0,0,8
7,262,1,1,0,0,0,9
8,262,1,1,0,0,0,9
9,262,1,1,0,0,0,6
10,262,1,1,0,0,0,9
0,263,1,1,51,51,0,9
1,263,1,1,50,54,0,0
2,263,1,1,0,0,0,8
3,263,1,1,0,0,0,9
4,263,1,1,0,0,0,8
5,263,1,1,0,0,0,9
6,263,1,1,0,0,0,8
7,263,1,1,0,0,0,9
8,263,1,1,0,0,0,9
9,263,1,1,0,0,0,6
10,263,1,1,0,0,0,9
0,264,1,1,51,51,0,9
1,264,1,1,50,54,0,0
2,264,1,1,0,0,0,8
3,264,1,1,0,0,0,9
4,264,1,1,0,0,0,8
5,264,1,1,0,0,0,9
6,264,1,1,0,0,0,8
7,264,1,1,0,0,0,9
8,264,1,1,0,0,0,9
9,264,1,1,0,0,0,6
10,264,1,1,0,0,0,9
0,266,1,1,51,51,0,9
1,266,1,1,50,54,0,0
2,266,1,1,0,0,0,8
3,266,1,1,0,0,0,9
4,266,1,1,0,0,0,8
5,266,1,1,0,0,0,9
6,266,1,1,0,0,0,8
7,266,1,1,0,0,0,9
8,266,1,1,0,0,0,9
9,266,1,1,0,0,0,6
10,266,1,1,0,0,0,9
0,267,1,1,51,51,0,9
1,267,1,1,50,54,0,0
2,267,1,1,0,0,0,8
3,267,1,1,0,0,0,9
4,267,1,1,0,0,0,8
5,267,1,1,0,0,0,9
6,267,1,1,0,0,0,8
7,267,1,1,0,0,0,9
8,267,1,1,0,0,0,9
9,267,1,1,0,0,0,6
10,267,1,1,0,0,0,9
0,268,1,1,51,51,0,9
1,268,1,1,50,54,0,0
2,268,1,1,0,0,0,8
3,268,1,1,0,0,0,9
4,268,1,1,0,0,0,8
5,268,1,1,0,0,0,9
6,268,1,1,0,0,0,8
7,268,1,1,0,0,0,9
8,268,1,1,0,0,0,9
9,268,1,1,0,0,0,6
10,268,1,1,0,0,0,9
0,269,1,1,51,51,0,9
1,269,1,1,50,54,0,0
2,269,1,1,0,0,0,8
3,269,1,1,0,0,0,9
4,269,1,1,0,0,0,8
5,269,1,1,0,0,0,9
6,269,1,1,0,0,0,8
7,269,1,1,0,0,0,9
8,269,1,1,0,0,0,9
9,269,1,1,0,0,0,6
10,269,1,1,0,0,0,9
0,271,1,1,51,51,0,9
1,271,1,1,50,54,0,0
2,271,1,1,0,0,0,8
3,271,1,1,0,0,0,9
4,271,1,1,0,0,0,8
5,271,1,1,0,0,0,9
6,271,1,1,0,0,0,8
7,271,1,1,0,0,0,9
8,271,1,1,0,0,0,9
9,271,1,1,0,0,0,6
10,271,1,1,0,0,0,9
0,272,1,1,51,51,0,9
1,272,1,1,50,54,0,0
2,272,1,1,0,0,0,8
3,272,1,1,0,0,0,9
4,272,1,1,0,0,0,8
5,272,1,1,0,0,0,9
6,272,1,1,0,0,0,8
7,272,1,1,0,0,0,9
8,272,1,1,0,0,0,9
9,272,1,1,0,0,0,6
10,272,1,1,0,0,0,9
0,273,1,1,51,51,0,9
1,273,1,1,50,54,0,0
2,273,1,1,0,0,0,8
3,273,1,1,0,0,0,9
4,273,1,1,0,0,0,8
5,273,1,1,0,0,0,9
6,273,1,1,0,0,0,8
7,273,1,1,0,0,0,9
8,273,1,1,0,0,0,9
9,273,1,1,0,0,0,6
10,273,1,1,0,0,0,9
0,275,1,1,51,51,0,9
1,275,1,1,50,54,0,0
2,275,1,1,0,0,0,8
3,275,1,1,0,0,0,9
4,275,1,1,0,0,0,8
5,275,1,1,0,0,0,9
6,275,1,1,0,0,0,8
7,275,1,1,0,0,0,9
8,275,1,1,0,0,0,9
9,275,1,1,0,0,0,6
10,275,1,1,0,0,0,9
0,276,1,1,51,51,0,9
1,276,1,1,50,54,0,0
2,276,1,1,0,0,0,8
3,276,1,1,0,0,0,9
4,276,1,1,0,0,0,8
5,276,1,1,0,0,0,9
6,276,1,1,0,0,0,8
7,276,1,1,0,0,0,9
8,276,1,1,0,0,0,9
9,276,1,1,0,0,0,6
10,276,1,1,0,0,0,9
0,277,1,1,51,51,0,9
1,277,1,1,50,54,0,0
2,277,1,1,0,0,0,8
3,277,1,1,0,0,0,9
4,277,1,1,0,0,0,8
5,277,1,1,0,0,0,9
6,277,1,1,0,0,0,8
7,277,1,1,0,0,0,9
8,277,1,1,0,0,0,9
9,277,1,1,0,0,0,6
10,277,1,1,0,0,0,9
0,278,1,1,51,51,0,9
1,278,1,1,50,54,0,0
2,278,1,1,0,0,0,8
3,278,1,1,0,0,0,9
4,278,1,1,0,0,0,8
5,278,1,1,0,0,0,9
6,278,1,1,0,0,0,8
7,278,1,1,0,0,0,9
8,278,1,1,0,0,0,9
9,278,1,1,0,0,0,6
10,278,1,1,0,0,0,9
0,280,1,1,51,51,0,9
1,280,1,1,50,54,0,0
2,280,1,1,0,0,0,8
3,280,1,1,0,0,0,9
4,280,1,1,0,0,0,8
5,280,1,1,0,0,0,9
6,280,1,1,0,0,0,8
7,280,1,1,0,0,0,9
8,280,1,1,0,0,0,9
9,280,1,1,0,0,0,6
10,280,1,1,0,0,0,9
0,281,1,1,51,51,0,9
1,281,1,1,50,54,0,0
2,281,1,1,0,0,0,8
3,281,1,1,0,0,0,9
4,281,1,1,0,0,0,8
5,281,1,1,0,0,0,9
6,281,1,1,0,0,1,8
7,281,1,1,0,0,0,9
8,281,1,1,0,0,0,9
9,281,1,1,0,0,0,6
10,281,1,1,0,0,0,9
0,282,1,1,51,51,0,9
1,282,1,1,50,54,0,0
2,282,1,1,0,0,0,8
3,282,1,1,0,0,0,9
4,282,1,1,0,0,0,8
5,282,1,1,0,0,0,9
6,282,1,1,0,0,0,8
7,282,1,1,0,0,0,9
8,282,1,1,0,0,0,9
9,282,1,1,0,0,0,6
10,282,1,1,0,0,0,9
0,284,1,1,51,51,0,9
1,284,1,1,50,54,0,0
2,284,1,1,0,0,0,8
3,284,1,1,0,0,0,9
4,284,1,1,0,0,0,8
5,284,1,1,0,0,0,9
6,284,1,1,0,0,0,8
7,284,1,1,0,0,0,9
8,284,1,1,0,0,0,9
9,284,1,1,0,0,0,6
10,284,1,1,0,0,0,9
0,285,1,1,51,51,0,9
1,285,1,1,50,54,0,0
2,285,1,1,0,0,0,8
3,285,1,1,0,0,0,9
4,285,1,1,0,0,0,8
5,285,1,1,0,0,0,9
6,285,1,1,0,0,0,8
7,285,1,1,0,0,0,9
8,285,1,1,0,0,0,9
9,285,1,1,0,0,0,6
10,285,1,1,0,0,0,9
0,286,1,1,51,51,0,9
1,286,1,1,50,54,0,0
2,286,1,1,0,0,0,8
3,286,1,1,0,0,0,9
4,286,1,1,0,0,0,8
5,286,1,1,0,0,0,9
6,286,1,1,0,0,0,8
7,286,1,1,0,0,0,9
8,286,1,1,0,0,0,9
9,286,1,1,0,0,0,6
10,286,1,1,0,0,0,9
0,288,1,1,51,51,0,9
1,288,1,1,50,54,0,0
2,288,1,1,0,0,0,8
3,288,1,1,0,0,0,9
4,288,1,1,0,0,0,8
5,288,1,1,0,0,0,9
6,288,1,1,0,0,0,8
7,288,1,1,0,0,0,9
8,288,1,1,0,0,0,9
9,288,1,1,0,0,0,6
10,288,1,1,0,0,0,9
0,289,1,1,51,51,0,9
1,289,1,1,50,54,0,0
2,289,1,1,0,0,0,8
3,289,1,1,0,0,0,9
4,289,1,1,0,0,0,8
5,289,1,1,0,0,0,9
6,289,1,1,0,0,0,8
7,289,1,1,0,0,0,9
8,289,1,1,0,0,0,9
9,289,1,1,0,0,0,6
10,289,1,1,0,0,0,9
0,290,1,1,51,51,0,9
1,290,1,1,50,54,0,0
2,290,1,1,0,0,0,8
3,290,1,1,0,0,0,9
4,290,1,1,0,0,0,8
5,290,1,1,0,0,0,9
6,290,1,1,0,0,0,8
7,290,1,1,0,0,0,9
8,290,1,1,0,0,0,9
9,290,1,1,0,0,0,6
10,290,1,1,0,0,0,9
0,291,1,1,51,51,0,9
1,291,1,1,50,54,0,0
2,291,1,1,0,0,0,8
3,291,1,1,0,0,0,9
4,291,1,1,0,0,0,8
5,291,1,1,0,0,0,9
6,291,1,1,0,0,0,8
7,291,1,1,0,0,1,9
8,291,1,1,0,0,0,9
9,291,1,1,0,0,0,6
10,291,1,1,0,0,0,9
0,293,1,1,51,51,0,9
1,293,1,1,50,54,0,0
2,293,1,1,0,0,0,8
3,293,1,1,0,0,0,9
4,293,1,1,0,0,0,8
5,293,1,1,0,0,0,9
6,293,1,1,0,0,0,8
7,293,1,1,0,0,0,9
8,293,1,1,0,0,0,9
9,293,1,1,0,0,0,6
10,293,1,1,0,0,0,9
0,294,1,1,51,51,0,9
1,294,1,1,50,54,0,0
2,294,1,1,0,0,0,8
3,294,1,1,0,0,0,9
4,294,1,1,0,0,0,8
5,294,1,1,0,0,0,9
6,294,1,1,0,0,0,8
7,294,1,1,0,0,0,9
8,294,1,1,0,0,0,9
9,294,1,1,0,0,0,6
10,294,1,1,0,0,0,9
0,295,1,1,51,51,0,9
1,295,1,1,50,54,0,0
2,295,1,1,0,0,0,8
3,295,1,1,0,0,0,9
4,295,1,1,0,0,0,8
5,295,1,1,0,0,0,9
6,295,1,1,0,0,0,8
7,295,1,1,0,0,0,9
8,295,1,1,0,0,0,9
9,295,1,1,0,0,0,6
10,295,1,1,0,0,0,9
0,297,1,1,51,51,0,9
1,297,1,1,50,54,0,0
2,297,1,1,0,0,0,8
3,297,1,1,0,0,0,9
4,297,1,1,0,0,0,8
5,297,1,1,0,0,0,9
6,297,1,1,0,0,0,8
7,297,1,1,0,0,0,9
8,297,1,1,0,0,0,9
9,297,1,1,0,0,0,6
10,297,1,1,0,0,0,9
0,298,1,1,51,51,0,9
1,298,1,1,50,54,0,0
2,298,1,1,0,0,0,8
3,298,1,1,0,0,0,9
4,298,1,1,0,0,0,8
5,298,1,1,0,0,0,9
6,298,1,1,0,0,0,8
7,298,1,1,0,0,0,9
8,298,1,1,0,0,0,9
9,298,1,1,0,0,0,6
10,298,1,1,0,0,0,9
0,299,1,1,51,51,0,9
1,299,1,1,50,54,0,0
2,299,1,1,0,0,0,8
3,299,1,1,0,0,0,9
4,299,1,1,0,0,0,8
5,299,1,1,0,0,0,9
6,299,1,1,0,0,0,8
7,299,1,1,0,0,0,9
8,299,1,1,0,0,0,9
9,299,1,1,0,0,0,6
10,299,1,1,0,0,0,9
0,300,1,1,51,51,0,9
1,300,1,1,50,54,0,0
2,300,1,1,0,0,0,8
3,300,1,1,0,0,0,9
4,300,1,1,0,0,0,8
5,300,1,1,0,0,0,9
6,300,1,1,0,0,0,8
7,300,1,1,0,0,0,9
8,300,1,1,0,0,0,9
9,300,1,1,0,0,0,6
10,300,1,1,0,0,0,9
0,302,1,1,51,51,0,9
1,302,1,1,50,54,0,0
2,302,1,1,0,0,0,8
3,302,1,1,0,0,0,9
4,302,1,1,0,0,0,8
5,302,1,1,0,0,0,9
6,302,1,1,0,0,0,8
7,302,1,1,0,0,0,9
8,302,1,1,0,0,1,9
9,302,1,1,0,0,0,6
10,302,1,1,0,0,0,9
0,303,1,1,51,51,0,9
1,303,1,1,50,54,0,0
2,303,1,1,0,0,0,8
3,303,1,1,0,0,0,9
4,303,1,1,0,0,0,8
5,303,1,1,0,0,0,9
6,303,1,1,0,0,0,8
7,303,1,1,0,0,0,9
8,303,1,1,0,0,0,9
9,303,1,1,0,0,0,6
10,303,1,1,0,0,0,9
0,304,1,1,51,51,0,9
1,304,1,1,50,54,0,0
2,304,1,1,0,0,0,8
3,304,1,1,0,0,0,9
4,304,1,1,0,0,0,8
5,304,1,1,0,0,0,9
6,304,1,1,0,0,0,8
7,304,1,1,0,0,0,9
8,304,1,1,0,0,0,9
9,304,1,1,0,0,0,6
10,304,1,1,0,0,0,9
0,306,1,1,51,51,0,9
1,306,1,1,50,54,0,0
2,306,1,1,0,0,0,8
3,306,1,1,0,0,0,9
4,306,1,1,0,0,0,8
5,306,1,1,0,0,0,9
6,306,1,1,0,0,0,8
7,306,1,1,0,0,0,9
8,306,1,1,0,0,0,9
9,306,1,1,0,0,0,6
10,306,1,1,0,0,0,9
0,307,1,1,51,51,0,9
1,307,1,1,50,54,0,0
2,307,1,1,0,0,0,8
3,307,1,1,0,0,0,9
4,307,1,1,0,0,0,8
5,307,1,1,0,0,0,9
6,307,1,1,0,0,0,8
7,307,1,1,0,0,0,9
8,307,1,1,0,0,0,9
9,307,1,1,0,0,0,6
10,307,1,1,0,0,0,9
0,308,1,1,51,51,0,9
1,308,1,1,50,54,0,0
2,308,1,1,0,0,0,8
3,308,1,1,0,0,0,9
4,308,1,1,0,0,0,8
5,308,1,1,0,0,0,9
6,308,1,1,0,0,0,8
7,308,1,1,0,0,0,9
8,308,1,1,0,0,0,9
9,308,1,1,0,0,0,6
10,308,1,1,0,0,0,9
0,309,1,1,51,51,0,9
1,309,1,1,50,54,0,0
2,309,1,1,0,0,0,8
3,309,1,1,0,0,0,9
4,309,1,1,0,0,0,8
5,309,1,1,0,0,0,9
6,309,1,1,0,0,0,8
7,309,1,1,0,0,0,9
8,309,1,1,0,0,0,9
9,309,1,1,0,0,0,6
10,309,1,1,0,0,0,9
0,311,1,1,51,51,0,9
1,311,1,1,50,54,0,0
2,311,1,1,0,0,0,8
3,311,1,1,0,0,0,9
4,311,1,1,0,0,0,8
5,311,1,1,0,0,0,9
6,311,1,1,0,0,0,8
7,311,1,1,0,0,0,9
8,311,1,1,0,0,0,9
9,311,1,1,0,0,0,6
10,311,1,1,0,0,0,9
0,312,1,1,51,51,0,9
1,312,1,1,50,54,0,0
2,312,1,1,0,0,0,8
3,312,1,1,0,0,0,9
4,312,1,1,0,0,0,8
5,312,1,1,0,0,0,9
6,312,1,1,0,0,0,8
7,312,1,1,0,0,0,9
8,312,1,1,0,0,0,9
9,312,1,1,0,0,0,6
10,312,1,1,0,0,0,9
0,313,1,1,51,51,0,9
1,313,1,1,50,54,0,0
2,313,1,1,0,0,0,8
3,313,1,1,0,0,0,9
4,313,1,1,0,0,0,8
5,313,1,1,0,0,0,9
6,313,1,1,0,0,0,8
7,313,1,1,0,0,0,9
8,313,1,1,0,0,0,9
9,313,1,1,0,0,0,6
10,313,1,1,0,0,0,9
0,315,1,1,51,51,0,9
1,315,1,1,50,54,0,0
2,315,1,1,0,0,0,8
3,315,1,1,0,0,0,9
4,315,1,1,0,0,0,8
5,315,1,1,0,0,0,9
6,315,1,1,0,0,0,8
7,315,1,1,0,0,0,9
8,315,1,1,0,0,0,9
9,315,1,1,0,0,0,6
10,315,1,1,0,0,0,9
0,316,1,1,51,51,0,9
1,316,1,1,50,54,0,0
2,316,1,1,0,0,0,8
3,316,1,1,0,0,0,9
4,316,1,1,0,0,0,8
5,316,1,1,0,0,0,9
6,316,1,1,0,0,0,8
7,316,1,1,0,0,0,9
8,316,1,1,0,0,0,9
9,316,1,1,0,0,0,6
10,316,1,1,0,0,0,9
0,317,1,1,51,51,0,9
1,317,1,1,50,54,0,0
2,317,1,1,0,0,0,8
3,317,1,1,0,0,0,9
4,317,1,1,0,0,0,8
5,317,1,1,0,0,0,9
6,317,1,1,0,0,0,8
7,317,1,1,0,0,0,9
8,317,1,1,0,0,0,9
9,317,1,1,0,0,0,6
10,317,1,1,0,0,0,9
0,319,1,1,51,51,0,9
1,319,1,1,50,54,0,0
2,319,1,1,0,0,0,8
3,319,1,1,0,0,0,9
4,319,1,1,0,0,0,8
5,319,1,1,0,0,0,9
6,319,1,1,0,0,0,8
7,319,1,1,0,0,0,9
8,319,1,1,0,0,0,9
9,319,1,1,0,0,0,6
10,319,1,1,0,0,0,9
0,320,1,1,51,51,0,9
1,320,1,1,50,54,0,0
2,320,1,1,0,0,0,8
3,320,1,1,0,0,0,9
4,320,1,1,0,0,0,8
5,320,1,1,0,0,0,9
6,320,1,1,0,0,0,8
7,320,1,1,0,0,0,9
8,320,1,1,0,0,0,9
9,320,1,1,0,0,0,6
10,320,1,1,0,0,0,9
0,321,1,1,51,51,0,9
1,321,1,1,50,54,0,0
2,321,1,1,0,0,0,8
3,321,1,1,0,0,0,9
4,321,1,1,0,0,0,8
5,321,1,1,0,0,0,9
6,321,1,1,0,0,0,8
7,321,1,1,0,0,0,9
8,321,1,1,0,0,0,9
9,321,1,1,0,0,0,6
10,321,1,1,0,0,1,9
0,322,1,1,51,51,0,9
1,322,1,1,50,54,0,0
2,322,1,1,0,0,0,8
3,322,1,1,0,0,0,9
4,322,1,1,0,0,0,8
5,322,1,1,0,0,0,9
6,322,1,1,0,0,0,8
7,322,1,1,0,0,0,9
8,322,1,1,0,0,0,9
9,322,1,1,0,0,0,6
10,322,1,1,0,0,0,9
0,324,1,1,51,51,0,9
1,324,1,1,50,54,0,0
2,324,1,1,0,0,0,8
3,324,1,1,0,0,0,9
4,324,1,1,0,0,0,8
5,324,1,1,0,0,0,9
6,324,1,1,0,0,0,8
7,324,1,1,0,0,0,9
8,324,1,1,0,0,0,9
9,324,1,1,0,0,0,6
10,324,1,1,0,0,0,9
0,325,1,1,51,51,0,9
1,325,1,1,50,54,0,0
2,325,1,1,0,0,0,8
3,325,1,1,0,0,0,9
4,325,1,1,0,0,0,8
5,325,1,1,0,0,0,9
6,325,1,1,0,0,0,8
7,325,1,1,0,0,0,9
8,325,1,1,0,0,0,9
9,325,1,1,0,0,0,6
10,325,1,1,0,0,0,9
0,326,1,1,51,51,0,9
1,326,1,1,50,54,0,0
2,326,1,1,0,0,0,8
3,326,1,1,0,0,0,9
4,326,1,1,0,0,0,8
5,326,1,1,0,0,0,9
6,326,1,1,0,0,0,8
7,326,1,1,0,0,0,9
8,326,1,1,0,0,0,9
9,326,1,1,0,0,0,6
10,326,1,1,0,0,0,9
0,328,1,1,51,51,0,9
1,328,1,1,50,54,0,0
2,328,1,1,0,0,0,8
3,328,1,1,0,0,0,9
4,328,1,1,0,0,0,8
5,328,1,1,0,0,0,9
6,328,1,1,0,0,0,8
7,328,1,1,0,0,0,9
8,328,1,1,0,0,0,9
9,328,1,1,0,0,0,6
10,328,1,1,0,0,0,9
0,329,1,1,51,51,0,9
1,329,1,1,50,54,0,0
2,329,1,1,0,0,0,8
3,329,1,1,0,0,0,9
4,329,1,1,0,0,0,8
5,329,1,1,0,0,0,9
6,329,1,1,0,0,0,8
7,329,1,1,0,0,0,9
8,329,1,1,0,0,0,9
9,329,1,1,0,0,0,6
10,329,1,1,0,0,0,9
0,330,1,1,51,51,0,9
1,330,1,1,50,54,0,0
2,330,1,1,0,0,0,8
3,330,1,1,0,0,0,9
4,330,1,1,0,0,0,8
5,330,1,1,0,0,0,9
6,330,1,1,0,0,0,8
7,330,1,1,0,0,0,9
8,330,1,1,0,0,0,9
9,330,1,1,0,0,0,6
10,330,1,1,0,0,0,9
0,331,1,1,51,51,0,9
1,331,1,1,50,54,0,0
2,331,1,1,0,0,0,8
3,331,1,1,0,0,0,9
4,331,1,1,0,0,0,8
5,331,1,1,0,0,0,9
6,331,1,1,0,0,0,8
7,331,1,1,0,0,0,9
8,331,1,1,0,0,0,9
9,331,1,1,0,0,0,6
10,331,1,1,0,0,0,9
0,333,1,1,51,51,0,9
1,333,1,1,50,54,0,0
2,333,1,1,0,0,0,8
3,333,1,1,0,0,0,9
4,333,1,1,0,0,0,8
5,333,1,1,0,0,0,9
6,333,1,1,0,0,0,8
7,333,1,1,0,0,0,9
8,333,1,1,0,0,0,9
9,333,1,1,0,0,0,6
10,333,1,1,0,0,0,9
0,334,1,1,51,51,0,9
1,334,1,1,50,54,0,0
2,334,1,1,0,0,0,8
3,334,1,1,0,0,0,9
4,334,1,1,0,0,0,8
5,334,1,1,0,0,0,9
6,334,1,1,0,0,0,8
7,334,1,1,0,0,0,9
8,334,1,1,0,0,0,9
9,334,1,1,0,0,0,6
10,334,1,1,0,0,0,9
0,335,1,1,51,51,0,9
1,335,1,1,50,54,0,0
2,335,1,1,0,0,0,8
3,335,1,1,0,0,0,9
4,335,1,1,0,0,0,8
5,335,1,1,0,0,0,9
6,335,1,1,0,0,0,8
7,335,1,1,0,0,0,9
8,335,1,1,0,0,0,9
9,335,1,1,0,0,0,6
10,335,1,1,0,0,0,9
0,337,1,1,51,51,0,9
1,337,1,1,50,54,0,0
2,337,1,1,0,0,0,8
3,337,1,1,0,0,0,9
4,337,1,1,0,0,0,8
5,337,1,1,0,0,0,9
6,337,1,1,0,0,0,8
7,337,1,1,0,0,0,9
8,337,1,1,0,0,0,9
9,337,1,1,0,0,0,6
10,337,1,1,0,0,0,9
0,338,1,1,51,51,0,9
1,338,1,1,50,54,0,0
2,338,1,1,0,0,0,8
3,338,1,1,0,0,0,9
4,338,1,1,0,0,0,8
5,338,1,1,0,0,0,9
6,338,1,1,0,0,0,8
7,338,1,1,0,0,0,9
8,338,1,1,0,0,0,9
9,338,1,1,0,0,0,6
10,338,1,1,0,0,0,9
0,339,1,1,51,51,0,9
1,339,1,1,50,54,0,0
2,339,1,1,0,0,0,8
3,339,1,1,0,0,0,9
4,339,1,1,0,0,0,8
5,339,1,1,0,0,0,9
6,339,1,1,0,0,0,8
7,339,1,1,0,0,0,9
8,339,1,1,0,0,0,9
9,339,1,1,0,0,0,6
10,339,1,1,0,0,0,9
0,340,1,1,51,51,0,9
1,340,1,1,50,54,0,0
2,340,1,1,0,0,0,8
3,340,1,1,0,0,0,9
4,340,1,1,0,0,0,8
5,340,1,1,0,0,0,9
6,340,1,1,0,0,0,8
7,340,1,1,0,0,0,9
8,340,1,1,0,0,0,9
9,340,1,1,0,0,0,6
10,340,1,1,0,0,0,9
0,342,1,1,51,51,0,9
1,342,1,1,50,54,0,0
2,342,1,1,0,0,0,8
3,342,1,1,0,0,0,9
4,342,1,1,0,0,0,8
5,342,1,1,0,0,0,9
6,342,1,1,0,0,0,8
7,342,1,1,0,0,0,9
8,342,1,1,0,0,0,9
9,342,1,1,0,0,0,6
10,342,1,1,0,0,0,9
0,343,1,1,51,51,0,9
1,343,1,1,50,54,0,0
2,343,1,1,0,0,0,8
3,343,1,1,0,0,0,9
4,343,1,1,0,0,0,8
5,343,1,1,0,0,0,9
6,343,1,1,0,0,0,8
7,343,1,1,0,0,0,9
8,343,1,1,0,0,0,9
9,343,1,1,0,0,0,6
10,343,1,1,0,0,0,9
0,344,1,1,51,51,0,9
1,344,1,1,50,54,0,0
2,344,1,1,0,0,0,8
3,344,1,1,0,0,0,9
4,344,1,1,0,0,0,8
5,344,1,1,0,0,0,9
6,344,1,1,0,0,0,8
7,344,1,1,0,0,0,9
8,344,1,1,0,0,0,9
9,344,1,1,0,0,0,6
10,344,1,1,0,0,0,9
0,346,1,1,51,51,0,9
1,346,1,1,50,54,0,0
2,346,1,1,0,0,0,8
3,346,1,1,0,0,0,9
4,346,1,1,0,0,0,8
5,346,1,1,0,0,0,9
6,346,1,1,0,0,0,8
7,346,1,1,0,0,0,9
8,346,1,1,0,0,0,9
9,346,1,1,0,0,0,6
10,346,1,1,0,0,0,9
0,347,1,1,51,51,0,9
1,347,1,1,50,54,0,0
2,347,1,1,0,0,0,8
3,347,1,1,0,0,0,9
4,347,1,1,0,0,0,8
5,347,1,1,0,0,0,9
6,347,1,1,0,0,0,8
7,347,1,1,0,0,0,9
8,347,1,1,0,0,0,9
9,347,1,1,0,0,0,6
10,347,1,1,0,0,0,9
0,348,1,1,51,51,0,9
1,348,1,1,50,54,0,0
2,348,1,1,0,0,0,8
3,348,1,1,0,0,0,9
4,348,1,1,0,0,0,8
5,348,1,1,0,0,0,9
6,348,1,1,0,0,0,8
7,348,1,1,0,0,0,9
8,348,1,1,0,0,0,9
9,348,1,1,0,0,0,6
10,348,1,1,0,0,0,9
0,350,1,1,51,51,0,9
1,350,1,1,50,54,0,0
2,350,1,1,0,0,0,8
3,350,1,1,0,0,0,9
4,350,1,1,0,0,0,8
5,350,1,1,0,0,0,9
6,350,1,1,0,0,0,8
7,350,1,1,0,0,0,9
8,350,1,1,0,0,0,9
9,350,1,1,0,0,0,6
10,350,1,1,0,0,0,9
0,351,1,1,51,51,0,9
1,351,1,1,50,54,0,0
2,351,1,1,0,0,1,8
3,351,1,1,0,0,0,9
4,351,1,1,0,0,0,8
5,351,1,1,0,0,0,9
6,351,1,1,0,0,0,8
7,351,1,1,0,0,0,9
8,351,1,1,0,0,0,9
9,351,1,1,0,0,0,6
10,351,1,1,0,0,0,9
0,352,1,1,51,51,0,9
1,352,1,1,50,54,0,0
2,352,1,1,0,0,0,8
3,352,1,1,0,0,0,9
4,352,1,1,0,0,0,8
5,352,1,1,0,0,0,9
6,352,1,1,0,0,0,8
7,352,1,1,0,0,0,9
8,352,1,1,0,0,0,9
9,352,1,1,0,0,0,6
10,352,1,1,0,0,0,9
0,353,1,1,51,51,0,9
1,353,1,1,50,54,0,0
2,353,1,1,0,0,0,8
3,353,1,1,0,0,0,9
4,353,1,1,0,0,0,8
5,353,1,1,0,0,0,9
6,353,1,1,0,0,0,8
7,353,1,1,0,0,0,9
8,353,1,1,0,0,0,9
9,353,1,1,0,0,0,6
10,353,1,1,0,0,0,9
0,355,1,1,51,51,0,9
1,355,1,1,50,54,0,0
2,355,1,1,0,0,0,8
3,355,1,1,0,0,0,9
4,355,1,1,0,0,0,8
5,355,1,1,0,0,0,9
6,355,1,1,0,0,0,8
7,355,1,1,0,0,0,9
8,355,1,1,0,0,0,9
9,355,1,1,0,0,0,6
10,355,1,1,0,0,0,9
0,356,1,1,51,51,0,9
1,356,1,1,50,54,0,0
2,356,1,1,0,0,0,8
3,356,1,1,0,0,0,9
4,356,1,1,0,0,0,8
5,356,1,1,0,0,0,9
6,356,1,1,0,0,0,8
7,356,1,1,0,0,0,9
8,356,1,1,0,0,0,9
9,356,1,1,0,0,0,6
10,356,1,1,0,0,0,9
0,357,1,1,51,51,0,9
1,357,1,1,50,54,0,0
2,357,1,1,0,0,0,8
3,357,1,1,0,0,0,9
4,357,1,1,0,0,0,8
5,357,1,1,0,0,0,9
6,357,1,1,0,0,0,8
7,357,1,1,0,0,0,9
8,357,1,1,0,0,0,9
9,357,1,1,0,0,0,6
10,357,1,1,0,0,0,9
0,359,1,1,51,51,0,9
1,359,1,1,50,54,0,0
2,359,1,1,0,0,0,8
3,359,1,1,0,0,0,9
4,359,1,1,0,0,0,8
5,359,1,1,0,0,0,9
6,359,1,1,0,0,0,8
7,359,1,1,0,0,0,9
8,359,1,1,0,0,0,9
9,359,1,1,0,0,0,6
10,359,1,1,0,0,0,9
0,360,1,1,51,51,0,9
1,360,1,1,50,54,0,0
2,360,1,1,0,0,0,8
3,360,1,1,0,0,0,9
4,360,1,1,0,0,0,8
5,360,1,1,0,0,0,9
6,360,1,1,0,0,0,8
7,360,1,1,0,0,0,9
8,360,1,1,0,0,0,9
9,360,1,1,0,0,0,6
10,360,1,1,0,0,0,9
0,361,1,1,51,51,0,9
1,361,1,1,50,54,0,0
2,361,1,1,0,0,0,8
3,361,1,1,0,0,1,9
4,361,1,1,0,0,0,8
5,361,1,1,0,0,0,9
6,361,1,1,0,0,0,8
7,361,1,1,0,0,0,9
8,361,1,1,0,0,0,9
9,361,1,1,0,0,0,6
10,361,1,1,0,0,0,9
0,362,1,1,51,51,0,9
1,362,1,1,50,54,0,0
2,362,1,1,0,0,0,8
3,362,1,1,0,0,0,9
4,362,1,1,0,0,0,8
5,362,1,1,0,0,0,9
6,362,1,1,0,0,0,8
7,362,1,1,0,0,0,9
8,362,1,1,0,0,0,9
9,362,1,1,0,0,0,6
10,362,1,1,0,0,0,9
0,364,1,1,51,51,0,9
1,364,1,1,50,54,0,0
2,364,1,1,0,0,0,8
3,364,1,1,0,0,0,9
4,364,1,1,0,0,0,8
5,364,1,1,0,0,0,9
6,364,1,1,0,0,0,8
7,364,1,1,0,0,0,9
8,364,1,1,0,0,0,9
9,364,1,1,0,0,0,6
10,364,1,1,0,0,0,9
0,365,1,1,51,51,0,9
1,365,1,1,50,54,0,0
2,365,1,1,0,0,0,8
3,365,1,1,0,0,0,9
4,365,1,1,0,0,0,8
5,365,1,1,0,0,0,9
6,365,1,1,0,0,0,8
7,365,1,1,0,0,0,9
8,365,1,1,0,0,0,9
9,365,1,1,0,0,0,6
10,365,1,1,0,0,0,9
0,366,1,1,51,51,0,9
1,366,1,1,50,54,0,0
2,366,1,1,0,0,0,8
3,366,1,1,0,0,0,9
4,366,1,1,0,0,0,8
5,366,1,1,0,0,0,9
6,366,1,1,0,0,0,8
7,366,1,1,0,0,0,9
8,366,1,1,0,0,0,9
9,366,1,1,0,0,0,6
10,366,1,1,0,0,0,9
0,368,1,1,51,51,0,9
1,368,1,1,50,54,0,0
2,368,1,1,0,0,0,8
3,368,1,1,0,0,0,9
4,368,1,1,0,0,0,8
5,368,1,1,0,0,0,9
6,368,1,1,0,0,0,8
7,368,1,1,0,0,0,9
8,368,1,1,0,0,0,9
9,368,1,1,0,0,0,6
10,368,1,1,0,0,0,9
0,369,1,1,51,51,0,9
1,369,1,1,50,54,0,0
2,369,1,1,0,0,0,8
3,369,1,1,0,0,0,9
4,369,1,1,0,0,0,8
5,369,1,1,0,0,0,9
6,369,1,1,0,0,0,8
7,369,1,1,0,0,0,9
8,369,1,1,0,0,0,9
9,369,1,1,0,0,0,6
10,369,1,1,0,0,0,9
0,370,1,1,51,51,0,9
1,370,1,1,50,54,0,0
2,370,1,1,0,0,0,8
3,370,1,1,0,0,0,9
4,370,1,1,0,0,0,8
5,370,1,1,0,0,0,9
6,370,1,1,0,0,0,8
7,370,1,1,0,0,0,9
8,370,1,1,0,0,0,9
9,370,1,1,0,0,0,6
10,370,1,1,0,0,0,9
0,371,1,1,51,51,0,9
1,371,1,1,50,54,0,0
2,371,1,1,0,0,0,8
3,371,1,1,0,0,0,9
4,371,1,1,0,0,1,8
5,371,1,1,0,0,0,9
6,371,1,1,0,0,0,8
7,371,1,1,0,0,0,9
8,371,1,1,0,0,0,9
9,371,1,1,0,0,0,6
10,371,1,1,0,0,0,9
0,373,1,1,51,51,0,9
1,373,1,1,50,54,0,0
2,373,1,1,0,0,0,8
3,373,1,1,0,0,0,9
4,373,1,1,0,0,0,8
5,373,1,1,0,0,0,9
6,373,1,1,0,0,0,8
7,373,1,1,0,0,0,9
8,373,1,1,0,0,0,9
9,373,1,1,0,0,0,6
10,373,1,1,0,0,0,9
0,374,1,1,51,51,0,9
1,374,1,1,50,54,0,0
2,374,1,1,0,0,0,8
3,374,1,1,0,0,0,9
4,374,1,1,0,0,0,8
5,374,1,1,0,0,0,9
6,374,1,1,0,0,0,8
7,374,1,1,0,0,0,9
8,374,1,1,0,0,0,9
9,374,1,1,0,0,0,6
10,374,1,1,0,0,0,9
0,375,1,1,51,51,0,9
1,375,1,1,50,54,0,0
2,375,1,1,0,0,0,8
3,375,1,1,0,0,0,9
4,375,1,1,0,0,0,8
5,375,1,1,0,0,0,9
6,375,1,1,0,0,0,8
7,375,1,1,0,0,0,9
8,375,1,1,0,0,0,9
9,375,1,1,0,0,0,6
10,375,1,1,0,0,0,9
0,377,1,1,51,51,0,9
1,377,1,1,50,54,0,0
2,377,1,1,0,0,0,8
3,377,1,1,0,0,0,9
4,377,1,1,0,0,0,8
5,377,1,1,0,0,0,9
6,377,1,1,0,0,0,8
7,377,1,1,0,0,0,9
8,377,1,1,0,0,0,9
9,377,1,1,0,0,0,6
10,377,1,1,0,0,0,9
0,378,1,1,51,51,0,9
1,378,1,1,50,54,0,0
2,378,1,1,0,0,0,8
3,378,1,1,0,0,0,9
4,378,1,1,0,0,0,8
5,378,1,1,0,0,0,9
6,378,1,1,0,0,0,8
7,378,1,1,0,0,0,9
8,378,1,1,0,0,0,9
9,378,1,1,0,0,0,6
10,378,1,1,0,0,0,9
0,379,1,1,51,51,0,9
1,379,1,1,50,54,0,0
2,379,1,1,0,0,0,8
3,379,1,1,0,0,0,9
4,379,1,1,0,0,0,8
5,379,1,1,0,0,0,9
6,379,1,1,0,0,0,8
7,379,1,1,0,0,0,9
8,379,1,1,0,0,0,9
9,379,1,1,0,0,0,6
10,379,1,1,0,0,0,9
0,381,1,1,51,51,0,9
1,381,1,1,50,54,0,0
2,381,1,1,0,0,0,8
3,381,1,1,0,0,0,9
4,381,1,1,0,0,0,8
5,381,1,1,0,0,0,9
6,381,1,1,0,0,0,8
7,381,1,1,0,0,0,9
8,381,1,1,0,0,0,9
9,381,1,1,0,0,0,6
10,381,1,1,0,0,0,9
0,382,1,1,51,51,0,9
1,382,1,1,50,54,0,0
2,382,1,1,0,0,0,8
3,382,1,1,0,0,0,9
4,382,1,1,0,0,0,8
5,382,1,1,0,0,0,9
6,382,1,1,0,0,0,8
7,382,1,1,0,0,0,9
8,382,1,1,0,0,0,9
9,382,1,1,0,0,0,6
10,382,1,1,0,0,0,9
0,383,1,1,51,51,0,9
1,383,1,1,50,54,0,0
2,383,1,1,0,0,0,8
3,383,1,1,0,0,0,9
4,383,1,1,0,0,0,8
5,383,1,1,0,0,0,9
6,383,1,1,0,0,0,8
7,383,1,1,0,0,0,9
8,383,1,1,0,0,0,9
9,383,1,1,0,0,0,6
10,383,1,1,0,0,0,9
0,384,1,1,51,51,0,9
1,384,1,1,50,54,0,0
2,384,1,1,0,0,0,8
3,384,1,1,0,0,0,9
4,384,1,1,0,0,0,8
5,384,1,1,0,0,0,9
6,384,1,1,0,0,0,8
7,384,1,1,0,0,0,9
8,384,1,1,0,0,0,9
9,384,1,1,0,0,0,6
10,384,1,1,0,0,0,9
0,386,1,1,51,51,0,9
1,386,1,1,50,54,0,0
2,386,1,1,0,0,0,8
3,386,1,1,0,0,0,9
4,386,1,1,0,0,0,8
5,386,1,1,0,0,0,9
6,386,1,1,0,0,0,8
7,386,1,1,0,0,0,9
8,386,1,1,0,0,0,9
9,386,1,1,0,0,0,6
10,386,1,1,0,0,0,9
0,387,1,1,51,51,0,9
1,387,1,1,50,54,0,0
2,387,1,1,0,0,0,8
3,387,1,1,0,0,0,9
4,387,1,1,0,0,0,8
5,387,1,1,0,0,0,9
6,387,1,1,0,0,0,8
7,387,1,1,0,0,0,9
8,387,1,1,0,0,0,9
9,387,1,1,0,0,0,6
10,387,1,1,0,0,0,9
0,388,1,1,51,51,0,9
1,388,1,1,50,54,0,0
2,388,1,1,0,0,0,8
3,388,1,1,0,0,0,9
4,388,1,1,0,0,0,8
5,388,1,1,0,0,0,9
6,388,1,1,0,0,0,8
7,388,1,1,0,0,0,9
8,388,1,1,0,0,0,9
9,388,1,1,0,0,0,6
10,388,1,1,0,0,0,9
0,390,1,1,51,51,0,9
1,390,1,1,50,54,0,0
2,390,1,1,0,0,0,8
3,390,1,1,0,0,0,9
4,390,1,1,0,0,0,8
5,390,1,1,0,0,0,9
6,390,1,1,0,0,0,8
7,390,1,1,0,0,0,9
8,390,1,1,0,0,0,9
9,390,1,1,0,0,0,6
10,390,1,1,0,0,0,9
0,391,1,1,51,51,0,9
1,391,1,1,50,54,0,0
2,391,1,1,0,0,0,8
3,391,1,1,0,0,0,9
4,391,1,1,0,0,0,8
5,391,1,1,0,0,0,9
6,391,1,1,0,0,1,8
7,391,1,1,0,0,0,9
8,391,1,1,0,0,0,9
9,391,1,1,0,0,0,6
10,391,1,1,0,0,0,9
0,392,1,1,51,51,0,9
1,392,1,1,50,54,0,0
2,392,1,1,0,0,0,8
3,392,1,1,0,0,0,9
4,392,1,1,0,0,0,8
5,392,1,1,0,0,0,9
6,392,1,1,0,0,0,8
7,392,1,1,0,0,0,9
8,392,1,1,0,0,0,9
9,392,1,1,0,0,0,6
10,392,1,1,0,0,0,9
0,393,1,1,51,51,0,9
1,393,1,1,50,54,0,0
2,393,1,1,0,0,0,8
3,393,1,1,0,0,0,9
4,393,1,1,0,0,0,8
5,393,1,1,0,0,0,9
6,393,1,1,0,0,0,8
7,393,1,1,0,0,0,9
8,393,1,1,0,0,0,9
9,393,1,1,0,0,0,6
10,393,1,1,0,0,0,9
0,395,1,1,51,51,0,9
1,395,1,1,50,54,0,0
2,395,1,1,0,0,0,8
3,395,1,1,0,0,0,9
4,395,1,1,0,0,0,8
5,395,1,1,0,0,0,9
6,395,1,1,0,0,0,8
7,395,1,1,0,0,0,9
8,395,1,1,0,0,0,9
9,395,1,1,0,0,0,6
10,395,1,1,0,0,0,9
0,396,1,1,51,51,0,9
1,396,1,1,50,54,0,0
2,396,1,1,0,0,0,8
3,396,1,1,0,0,0,9
4,396,1,1,0,0,0,8
5,396,1,1,0,0,0,9
6,396,1,1,0,0,0,8
7,396,1,1,0,0,0,9
8,396,1,1,0,0,0,9
9,396,1,1,0,0,0,6
10,396,1,1,0,0,0,9
0,397,1,1,51,51,0,9
1,397,1,1,50,54,0,0
2,397,1,1,0,0,0,8
3,397,1,1,0,0,0,9
4,397,1,1,0,0,0,8
5,397,1,1,0,0,0,9
6,397,1,1,0,0,0,8
7,397,1,1,0,0,0,9
8,397,1,1,0,0,0,9
9,397,1,1,0,0,0,6
10,397,1,1,0,0,0,9
0,399,1,1,51,51,0,9
1,399,1,1,50,54,0,0
2,399,1,1,0,0,0,8
3,399,1,1,0,0,0,9
4,399,1,1,0,0,0,8
5,399,1,1,0,0,0,9
6,399,1,1,0,0,0,8
7,399,1,1,0,0,0,9
8,399,1,1,0,0,0,9
9,399,1,1,0,0,0,6
10,399,1,1,0,0,0,9
0,400,1,1,51,51,0,9
1,400,1,1,50,54,0,0
2,400,1,1,0,0,0,8
3,400,1,1,0,0,0,8
4,400,1,1,0,0,0,8
5,400,1,1,0,0,0,9
6,400,1,1,0,0,0,8
7,400,1,1,0,0,0,9
8,400,1,1,0,0,0,9
9,400,1,1,0,0,0,6
10,400,1,1,0,0,0,9
0,401,1,1,51,51,0,9
1,401,1,1,50,54,0,0
2,401,1,1,0,0,0,8
3,401,1,1,0,0,0,8
4,401,1,1,0,0,0,8
5,401,1,1,0,0,0,9
6,401,1,1,0,0,0,8
7,401,1,1,0,0,1,9
8,401,1,1,0,0,0,9
9,401,1,1,0,0,0,6
10,401,1,1,0,0,0,9
0,402,1,1,51,51,0,9
1,402,1,1,50,54,0,0
2,402,1,1,0,0,0,8
3,402,1,1,0,0,0,8
4,402,1,1,0,0,0,8
5,402,1,1,0,0,0,9
6,402,1,1,0,0,0,8
7,402,1,1,0,0,0,9
8,402,1,1,0,0,0,9
9,402,1,1,0,0,0,6
10,402,1,1,0,0,0,9
0,404,1,1,51,51,0,9
1,404,1,1,50,54,0,0
2,404,1,1,0,0,0,8
3,404,1,1,0,0,0,8
4,404,1,1,0,0,0,8
5,404,1,1,0,0,0,9
6,404,1,1,0,0,0,8
7,404,1,1,0,0,0,9
8,404,1,1,0,0,0,9
9,404,1,1,0,0,0,6
10,404,1,1,0,0,0,9
0,405,1,1,51,51,0,9
1,405,1,1,50,54,0,0
2,405,1,1,0,0,0,8
3,405,1,1,0,0,0,8
4,405,1,1,0,0,0,8
5,405,1,1,0,0,0,9
6,405,1,1,0,0,0,8
7,405,1,1,0,0,0,9
8,405,1,1,0,0,0,9
9,405,1,1,0,0,0,6
10,405,1,1,0,0,0,9
0,406,1,1,51,51,0,9
1,406,1,1,50,54,0,0
2,406,1,1,0,0,0,8
3,406,1,1,0,0,0,8
4,406,1,1,0,0,0,8
5,406,1,1,0,0,0,9
6,406,1,1,0,0,0,8
7,406,1,1,0,0,0,9
8,406,1,1,0,0,0,9
9,406,1,1,0,0,0,6
10,406,1,1,0,0,0,9
0,408,1,1,51,51,0,9
1,408,1,1,50,54,0,0
2,408,1,1,0,0,0,8
3,408,1,1,0,0,0,8
4,408,1,1,0,0,0,8
5,408,1,1,0,0,0,9
6,408,1,1,0,0,0,8
7,408,1,1,0,0,0,9
8,408,1,1,0,0,0,9
9,408,1,1,0,0,0,6
10,408,1,1,0,0,0,9
0,409,1,1,51,51,0,9
1,409,1,1,50,54,0,0
2,409,1,1,0,0,0,8
3,409,1,1,0,0,0,8
4,409,1,1,0,0,0,8
5,409,1,1,0,0,0,9
6,409,1,1,0,0,0,8
7,409,1,1,0,0,0,9
8,409,1,1,0,0,0,9
9,409,1,1,0,0,0,6
10,409,1,1,0,0,0,9
0,410,1,1,51,51,0,9
1,410,1,1,50,54,0,0
2,410,1,1,0,0,0,8
3,410,1,1,0,0,0,8
4,410,1,1,0,0,0,8
5,410,1,1,0,0,0,9
6,410,1,1,0,0,0,8
7,410,1,1,0,0,0,9
8,410,1,1,0,0,0,9
9,410,1,1,0,0,0,6
10,410,1,1,0,0,0,9
0,412,1,1,51,51,0,9
1,412,1,1,50,54,0,0
2,412,1,1,0,0,0,8
3,412,1,1,0,0,0,8
4,412,1,1,0,0,0,8
5,412,1,1,0,0,0,9
6,412,1,1,0,0,0,8
7,412,1,1,0,0,0,9
8,412,1,1,0,0,1,9
9,412,1,1,0,0,0,6
10,412,1,1,0,0,0,9
0,413,1,1,51,51,0,9
1,413,1,1,50,54,0,0
2,413,1,1,0,0,0,7
3,413,1,1,0,0,0,8
4,413,1,1,0,0,0,8
5,413,1,1,0,0,0,9
6,413,1,1,0,0,0,8
7,413,1,1,0,0,0,9
8,413,1,1,0,0,0,9
9,413,1,1,0,0,0,6
10,413,1,1,0,0,0,9
0,414,1,1,51,51,0,9
1,414,1,1,50,54,0,0
2,414,1,1,0,0,0,7
3,414,1,1,0,0,0,8
4,414,1,1,0,0,0,8
5,414,1,1,0,0,0,9
6,414,1,1,0,0,0,8
7,414,1,1,0,0,0,9
8,414,1,1,0,0,0,9
9,414,1,1,0,0,0,6
10,414,1,1,0,0,0,9
0,415,1,1,51,51,0,9
1,415,1,1,50,54,0,0
2,415,1,1,0,0,0,7
3,415,1,1,0,0,0,8
4,415,1,1,0,0,0,8
5,415,1,1,0,0,0,9
6,415,1,1,0,0,0,8
7,415,1,1,0,0,0,9
8,415,1,1,0,0,0,9
9,415,1,1,0,0,0,6
10,415,1,1,0,0,0,9
0,417,1,1,51,51,0,9
1,417,1,1,50,54,0,0
2,417,1,1,0,0,0,7
3,417,1,1,0,0,0,8
4,417,1,1,0,0,0,8
5,417,1,1,0,0,0,9
6,417,1,1,0,0,0,8
7,417,1,1,0,0,0,9
8,417,1,1,0,0,0,9
9,417,1,1,0,0,0,6
10,417,1,1,0,0,0,9
0,418,1,1,51,51,0,9
1,418,1,1,50,54,0,0
2,418,1,1,0,0,0,7
3,418,1,1,0,0,0,8
4,418,1,1,0,0,0,8
5,418,1,1,0,0,0,9
6,418,1,1,0,0,0,8
7,418,1,1,0,0,0,9
8,418,1,1,0,0,0,9
9,418,1,1,0,0,0,6
10,418,1,1,0,0,0,9
0,419,1,1,51,51,0,9
1,419,1,1,50,54,0,0
2,419,1,1,0,0,0,7
3,419,1,1,0,0,0,8
4,419,1,1,0,0,0,8
5,419,1,1,0,0,0,9
6,419,1,1,0,0,0,8
7,419,1,1,0,0,0,9
8,419,1,1,0,0,0,9
9,419,1,1,0,0,0,6
10,419,1,1,0,0,0,9
0,421,1,1,51,51,0,9
1,421,1,1,50,54,0,0
2,421,1,1,0,0,0,7
3,421,1,1,0,0,0,8
4,421,1,1,0,0,0,8
5,421,1,1,0,0,0,9
6,421,1,1,0,0,0,8
7,421,1,1,0,0,0,9
8,421,1,1,0,0,0,9
9,421,1,1,0,0,0,6
10,421,1,1,0,0,0,9
0,422,1,1,51,51,0,9
1,422,1,1,50,54,0,0
2,422,1,1,0,0,0,7
3,422,1,1,0,0,0,8
4,422,1,1,0,0,0,8
5,422,1,1,0,0,0,9
6,422,1,1,0,0,0,8
7,422,1,1,0,0,0,9
8,422,1,1,0,0,0,9
9,422,1,1,0,0,0,6
10,422,1,1,0,0,0,9
0,423,1,1,51,51,0,9
1,423,1,1,50,54,0,0
2,423,1,1,0,0,0,7
3,423,1,1,0,0,0,8
4,423,1,1,0,0,0,8
5,423,1,1,0,0,0,9
6,423,1,1,0,0,0,8
7,423,1,1,0,0,0,9
8,423,1,1,0,0,0,9
9,423,1,1,0,0,0,6
10,423,1,1,0,0,0,9
0,424,1,1,51,51,0,9
1,424,1,1,50,54,0,0
2,424,1,1,0,0,0,7
3,424,1,1,0,0,0,8
4,424,1,1,0,0,0,8
5,424,1,1,0,0,0,9
6,424,1,1,0,0,0,8
7,424,1,1,0,0,0,9
8,424,1,1,0,0,0,9
9,424,1,1,0,0,0,6
10,424,1,1,0,0,0,9
0,426,1,1,51,51,0,9
1,426,1,1,50,54,0,0
2,426,1,1,0,0,0,7
3,426,1,1,0,0,0,8
4,426,1,1,0,0,0,8
5,426,1,1,0,0,0,9
6,426,1,1,0,0,0,8
7,426,1,1,0,0,0,9
8,426,1,1,0,0,0,9
9,426,1,1,0,0,0,6
10,426,1,1,0,0,0,9
0,427,1,1,51,51,0,9
1,427,1,1,50,54,0,0
2,427,1,1,0,0,0,7
3,427,1,1,0,0,0,8
4,427,1,1,0,0,0,8
5,427,1,1,0,0,0,9
6,427,1,1,0,0,0,8
7,427,1,1,0,0,0,9
8,427,1,1,0,0,0,9
9,427,1,1,0,0,0,6
10,427,1,1,0,0,0,9
0,428,1,1,51,51,0,9
1,428,1,1,50,54,0,0
2,428,1,1,0,0,0,7
3,428,1,1,0,0,0,8
4,428,1,1,0,0,0,8
5,428,1,1,0,0,0,9
6,428,1,1,0,0,0,8
7,428,1,1,0,0,0,9
8,428,1,1,0,0,0,9
9,428,1,1,0,0,0,6
10,428,1,1,0,0,0,9
0,430,1,1,51,51,0,9
1,430,1,1,50,54,0,0
2,430,1,1,0,0,0,7
3,430,1,1,0,0,0,8
4,430,1,1,0,0,0,8
5,430,1,1,0,0,0,9
6,430,1,1,0,0,0,8
7,430,1,1,0,0,0,9
8,430,1,1,0,0,0,9
9,430,1,1,0,0,0,6
10,430,1,1,0,0,0,9
0,431,1,1,51,51,0,9
1,431,1,1,50,54,0,0
2,431,1,1,0,0,0,7
3,431,1,1,0,0,0,8
4,431,1,1,0,0,0,8
5,431,1,1,0,0,0,9
6,431,1,1,0,0,0,8
7,431,1,1,0,0,0,9
8,431,1,1,0,0,0,9
9,431,1,1,0,0,0,6
10,431,1,1,0,0,1,9
0,432,1,1,51,51,0,9
1,432,1,1,50,54,0,0
2,432,1,1,0,0,0,7
3,432,1,1,0,0,0,8
4,432,1,1,0,0,0,8
5,432,1,1,0,0,0,9
6,432,1,1,0,0,0,8
7,432,1,1,0,0,0,9
8,432,1,1,0,0,0,9
9,432,1,1,0,0,0,6
10,432,1,1,0,0,0,9
0,433,1,1,51,51,0,9
1,433,1,1,50,54,0,0
2,433,1,1,0,0,0,7
3,433,1,1,0,0,0,8
4,433,1,1,0,0,0,8
5,433,1,1,0,0,0,9
6,433,1,1,0,0,0,8
7,433,1,1,0,0,0,9
8,433,1,1,0,0,0,9
9,433,1,1,0,0,0,6
10,433,1,1,0,0,0,9
0,435,1,1,51,51,0,9
1,435,1,1,50,54,0,0
2,435,1,1,0,0,0,7
3,435,1,1,0,0,0,8
4,435,1,1,0,0,0,8
5,435,1,1,0,0,0,9
6,435,1,1,0,0,0,8
7,435,1,1,0,0,0,9
8,435,1,1,0,0,0,9
9,435,1,1,0,0,0,6
10,435,1,1,0,0,0,9
0,436,1,1,51,51,0,9
1,436,1,1,50,54,0,0
2,436,1,1,0,0,0,7
3,436,1,1,0,0,0,8
4,436,1,1,0,0,0,8
5,436,1,1,0,0,0,9
6,436,1,1,0,0,0,8
7,436,1,1,0,0,0,9
8,436,1,1,0,0,0,9
9,436,1,1,0,0,0,6
10,436,1,1,0,0,0,9
0,437,1,1,51,51,0,9
1,437,1,1,50,54,0,0
2,437,1,1,0,0,0,7
3,437,1,1,0,0,0,8
4,437,1,1,0,0,0,8
5,437,1,1,0,0,0,9
6,437,1,1,0,0,0,8
7,437,1,1,0,0,0,9
8,437,1,1,0,0,0,9
9,437,1,1,0,0,0,6
10,437,1,1,0,0,0,9
0,439,1,1,51,51,0,9
1,439,1,1,50,54,0,0
2,439,1,1,0,0,0,7
3,439,1,1,0,0,0,8
4,439,1,1,0,0,0,8
5,439,1,1,0,0,0,9
6,439,1,1,0,0,0,8
7,439,1,1,0,0,0,9
8,439,1,1,0,0,0,9
9,439,1,1,0,0,0,6
10,439,1,1,0,0,0,9
0,440,1,1,51,51,0,9
1,440,1,1,50,54,0,0
2,440,1,1,0,0,0,7
3,440,1,1,0,0,0,8
4,440,1,1,0,0,0,8
5,440,1,1,0,0,0,9
6,440,1,1,0,0,0,8
7,440,1,1,0,0,0,9
8,440,1,1,0,0,0,9
9,440,1,1,0,0,0,6
10,440,1,1,0,0,0,9
0,441,1,1,51,51,0,9
1,441,1,1,50,54,0,0
2,441,1,1,0,0,0,7
3,441,1,1,0,0,0,8
4,441,1,1,0,0,0,8
5,441,1,1,0,0,0,9
6,441,1,1,0,0,0,8
7,441,1,1,0,0,0,9
8,441,1,1,0,0,0,9
9,441,1,1,0,0,0,6
10,441,1,1,0,0,0,9
0,443,1,1,51,51,0,9
1,443,1,1,50,54,0,0
2,443,1,1,0,0,0,7
3,443,1,1,0,0,0,8
4,443,1,1,0,0,0,8
5,443,1,1,0,0,0,9
6,443,1,1,0,0,0,8
7,443,1,1,0,0,0,9
8,443,1,1,0,0,0,9
9,443,1,1,0,0,0,6
10,443,1,1,0,0,0,9
0,444,1,1,51,51,0,9
1,444,1,1,50,54,0,0
2,444,1,1,0,0,0,7
3,444,1,1,0,0,0,8
4,444,1,1,0,0,0,8
5,444,1,1,0,0,0,9
6,444,1,1,0,0,0,8
7,444,1,1,0,0,0,9
8,444,1,1,0,0,0,9
9,444,1,1,0,0,0,6
10,444,1,1,0,0,0,9
0,445,1,1,51,51,0,9
1,445,1,1,50,54,0,0
2,445,1,1,0,0,0,7
3,445,1,1,0,0,0,8
4,445,1,1,0,0,0,8
5,445,1,1,0,0,0,9
6,445,1,1,0,0,0,8
7,445,1,1,0,0,0,9
8,445,1,1,0,0,0,9
9,445,1,1,0,0,0,6
10,445,1,1,0,0,0,9
0,446,1,1,51,51,0,9
1,446,1,1,50,54,0,0
2,446,1,1,0,0,0,7
3,446,1,1,0,0,0,8
4,446,1,1,0,0,0,8
5,446,1,1,0,0,0,9
6,446,1,1,0,0,0,8
7,446,1,1,0,0,0,9
8,446,1,1,0,0,0,9
9,446,1,1,0,0,0,6
10,446,1,1,0,0,0,9
0,448,1,1,51,51,0,9
1,448,1,1,50,54,0,0
2,448,1,1,0,0,0,7
3,448,1,1,0,0,0,8
4,448,1,1,0,0,0,8
5,448,1,1,0,0,0,9
6,448,1,1,0,0,0,8
7,448,1,1,0,0,0,9
8,448,1,1,0,0,0,9
9,448,1,1,0,0,0,6
10,448,1,1,0,0,0,9
0,449,1,1,51,51,0,9
1,449,1,1,50,54,0,0
2,449,1,1,0,0,0,7
3,449,1,1,0,0,0,8
4,449,1,1,0,0,0,8
5,449,1,1,0,0,0,9
6,449,1,1,0,0,0,8
7,449,1,1,0,0,0,9
8,449,1,1,0,0,0,9
9,449,1,1,0,0,0,6
10,449,1,1,0,0,0,9
0,450,1,1,51,51,0,9
1,450,1,1,50,54,0,0
2,450,1,1,0,0,0,7
3,450,1,1,0,0,0,8
4,450,1,1,0,0,0,8
5,450,1,1,0,0,0,9
6,450,1,1,0,0,0,8
7,450,1,1,0,0,0,9
8,450,1,1,0,0,0,9
9,450,1,1,0,0,0,6
10,450,1,1,0,0,0,9
0,452,1,1,51,51,0,9
1,452,1,1,50,54,0,0
2,452,1,1,0,0,0,7
3,452,1,1,0,0,0,8
4,452,1,1,0,0,0,8
5,452,1,1,0,0,0,9
6,452,1,1,0,0,0,8
7,452,1,1,0,0,0,9
8,452,1,1,0,0,0,9
9,452,1,1,0,0,0,6
10,452,1,1,0,0,0,9
0,453,1,1,51,51,0,9
1,453,1,1,50,54,0,0
2,453,1,1,0,0,0,7
3,453,1,1,0,0,0,8
4,453,1,1,0,0,0,8
5,453,1,1,0,0,0,9
6,453,1,1,0,0,0,8
7,453,1,1,0,0,0,9
8,453,1,1,0,0,0,9
9,453,1,1,0,0,0,6
10,453,1,1,0,0,0,9
0,454,1,1,51,51,0,9
1,454,1,1,50,54,0,0
2,454,1,1,0,0,0,7
3,454,1,1,0,0,0,8
4,454,1,1,0,0,0,8
5,454,1,1,0,0,0,9
6,454,1,1,0,0,0,8
7,454,1,1,0,0,0,9
8,454,1,1,0,0,0,9
9,454,1,1,0,0,0,6
10,454,1,1,0,0,0,9
0,455,1,1,51,51,0,9
1,455,1,1,50,54,0,0
2,455,1,1,0,0,0,7
3,455,1,1,0,0,0,8
4,455,1,1,0,0,0,8
5,455,1,1,0,0,0,9
6,455,1,1,0,0,0,8
7,455,1,1,0,0,0,9
8,455,1,1,0,0,0,9
9,455,1,1,0,0,0,6
10,455,1,1,0,0,0,9
0,457,1,1,51,51,0,9
1,457,1,1,50,54,0,0
2,457,1,1,0,0,0,7
3,457,1,1,0,0,0,8
4,457,1,1,0,0,0,8
5,457,1,1,0,0,0,9
6,457,1,1,0,0,0,8
7,457,1,1,0,0,0,9
8,457,1,1,0,0,0,9
9,457,1,1,0,0,0,6
10,457,1,1,0,0,0,9
0,458,1,1,51,51,0,9
1,458,1,1,50,54,0,0
2,458,1,1,0,0,0,7
3,458,1,1,0,0,0,8
4,458,1,1,0,0,0,8
5,458,1,1,0,0,0,9
6,458,1,1,0,0,0,8
7,458,1,1,0,0,0,9
8,458,1,1,0,0,0,9
9,458,1,1,0,0,0,6
10,458,1,1,0,0,0,9
0,459,1,1,51,51,0,9
1,459,1,1,50,54,0,0
2,459,1,1,0,0,0,7
3,459,1,1,0,0,0,8
4,459,1,1,0,0,0,8
5,459,1,1,0,0,0,9
6,459,1,1,0,0,0,8
7,459,1,1,0,0,0,9
8,459,1,1,0,0,0,9
9,459,1,1,0,0,0,6
10,459,1,1,0,0,0,9
0,461,1,1,51,51,0,9
1,461,1,1,50,54,0,0
2,461,1,1,0,0,0,7
3,461,1,1,0,0,0,8
4,461,1,1,0,0,0,8
5,461,1,1,0,0,0,9
6,461,1,1,0,0,0,8
7,461,1,1,0,0,0,9
8,461,1,1,0,0,0,9
9,461,1,1,0,0,0,6
10,461,1,1,0,0,0,9
0,462,1,1,51,51,0,9
1,462,1,1,50,54,0,0
2,462,1,1,0,0,0,7
3,462,1,1,0,0,0,8
4,462,1,1,0,0,0,8
5,462,1,1,0,0,0,9
6,462,1,1,0,0,0,8
7,462,1,1,0,0,0,9
8,462,1,1,0,0,0,9
9,462,1,1,0,0,0,6
10,462,1,1,0,0,0,9
0,463,1,1,51,51,0,9
1,463,1,1,50,54,0,0
2,463,1,1,0,0,0,7
3,463,1,1,0,0,0,8
4,463,1,1,0,0,0,8
5,463,1,1,0,0,0,9
6,463,1,1,0,0,0,8
7,463,1,1,0,0,0,9
8,463,1,1,0,0,0,9
9,463,1,1,0,0,0,6
10,463,1,1,0,0,0,9
0,464,1,1,51,51,0,9
1,464,1,1,50,54,0,0
2,464,1,1,0,0,0,7
3,464,1,1,0,0,0,8
4,464,1,1,0,0,0,8
5,464,1,1,0,0,0,9
6,464,1,1,0,0,0,8
7,464,1,1,0,0,0,9
8,464,1,1,0,0,0,9
9,464,1,1,0,0,0,6
10,464,1,1,0,0,0,9
0,466,1,1,51,51,0,9
1,466,1,1,50,54,0,0
2,466,1,1,0,0,0,7
3,466,1,1,0,0,0,8
4,466,1,1,0,0,0,8
5,466,1,1,0,0,0,9
6,466,1,1,0,0,0,8
7,466,1,1,0,0,0,9
8,466,1,1,0,0,0,9
9,466,1,1,0,0,0,6
10,466,1,1,0,0,0,9
0,467,1,1,51,51,0,9
1,467,1,1,50,54,0,0
2,467,1,1,0,0,0,7
3,467,1,1,0,0,0,8
4,467,1,1,0,0,0,8
5,467,1,1,0,0,0,9
6,467,1,1,0,0,0,8
7,467,1,1,0,0,0,9
8,467,1,1,0,0,0,9
9,467,1,1,0,0,0,6
10,467,1,1,0,0,0,9
0,468,1,1,51,51,0,9
1,468,1,1,50,54,0,0
2,468,1,1,0,0,0,7
3,468,1,1,0,0,0,8
4,468,1,1,0,0,0,8
5,468,1,1,0,0,0,9
6,468,1,1,0,0,0,8
7,468,1,1,0,0,0,9
8,468,1,1,0,0,0,9
9,468,1,1,0,0,0,6
10,468,1,1,0,0,0,9
0,470,1,1,51,51,0,9
1,470,1,1,50,54,0,0
2,470,1,1,0,0,0,7
3,470,1,1,0,0,0,8
4,470,1,1,0,0,0,8
5,470,1,1,0,0,0,9
6,470,1,1,0,0,0,8
7,470,1,1,0,0,0,9
8,470,1,1,0,0,0,9
9,470,1,1,0,0,0,6
10,470,1,1,0,0,0,9
0,471,1,1,51,51,0,9
1,471,1,1,50,54,0,0
2,471,1,1,0,0,0,7
3,471,1,1,0,0,1,8
4,471,1,1,0,0,0,8
5,471,1,1,0,0,0,9
6,471,1,1,0,0,0,8
7,471,1,1,0,0,0,9
8,471,1,1,0,0,0,9
9,471,1,1,0,0,0,6
10,471,1,1,0,0,0,9
0,472,1,1,51,51,0,9
1,472,1,1,50,54,0,0
2,472,1,1,0,0,0,7
3,472,1,1,0,0,0,8
4,472,1,1,0,0,0,8
5,472,1,1,0,0,0,9
6,472,1,1,0,0,0,8
7,472,1,1,0,0,0,9
8,472,1,1,0,0,0,9
9,472,1,1,0,0,0,6
10,472,1,1,0,0,0,9
0,474,1,1,51,51,0,9
1,474,1,1,50,54,0,0
2,474,1,1,0,0,0,7
3,474,1,1,0,0,0,8
4,474,1,1,0,0,0,8
5,474,1,1,0,0,0,9
6,474,1,1,0,0,0,8
7,474,1,1,0,0,0,9
8,474,1,1,0,0,0,9
9,474,1,1,0,0,0,6
10,474,1,1,0,0,0,9
0,475,1,1,51,51,0,9
1,475,1,1,50,54,0,0
2,475,1,1,0,0,0,7
3,475,1,1,0,0,0,8
4,475,1,1,0,0,0,8
5,475,1,1,0,0,0,9
6,475,1,1,0,0,0,8
7,475,1,1,0,0,0,9
8,475,1,1,0,0,0,9
9,475,1,1,0,0,0,6
10,475,1,1,0,0,0,9
0,476,1,1,51,51,0,9
1,476,1,1,50,54,0,0
2,476,1,1,0,0,0,7
3,476,1,1,0,0,0,8
4,476,1,1,0,0,0,8
5,476,1,1,0,0,0,9
6,476,1,1,0,0,0,8
7,476,1,1,0,0,0,9
8,476,1,1,0,0,0,9
9,476,1,1,0,0,0,6
10,476,1,1,0,0,0,9
0,477,1,1,51,51,0,9
1,477,1,1,50,54,0,0
2,477,1,1,0,0,0,7
3,477,1,1,0,0,0,8
4,477,1,1,0,0,0,8
5,477,1,1,0,0,0,9
6,477,1,1,0,0,0,8
7,477,1,1,0,0,0,9
8,477,1,1,0,0,0,9
9,477,1,1,0,0,0,6
10,477,1,1,0,0,0,9
0,479,1,1,51,51,0,9
1,479,1,1,50,54,0,0
2,479,1,1,0,0,0,7
3,479,1,1,0,0,0,8
4,479,1,1,0,0,0,8
5,479,1,1,0,0,0,9
6,479,1,1,0,0,0,8
7,479,1,1,0,0,0,9
8,479,1,1,0,0,0,9
9,479,1,1,0,0,0,6
10,479,1,1,0,0,0,9
0,480,1,1,51,51,0,9
1,480,1,1,50,54,0,0
2,480,1,1,0,0,0,7
3,480,1,1,0,0,0,8
4,480,1,1,0,0,0,8
5,480,1,1,0,0,0,9
6,480,1,1,0,0,0,8
7,480,1,1,0,0,0,9
8,480,1,1,0,0,0,9
9,480,1,1,0,0,0,6
10,480,1,1,0,0,0,9
0,481,1,1,51,51,0,9
1,481,1,1,50,54,0,0
2,481,1,1,0,0,0,7
3,481,1,1,0,0,0,8
4,481,1,1,0,0,1,8
5,481,1,1,0,0,0,9
6,481,1,1,0,0,0,8
7,481,1,1,0,0,0,9
8,481,1,1,0,0,0,9
9,481,1,1,0,0,0,6
10,481,1,1,0,0,0,9
0,483,1,1,51,51,0,9
1,483,1,1,50,54,0,0
2,483,1,1,0,0,0,7
3,483,1,1,0,0,0,8
4,483,1,1,0,0,0,8
5,483,1,1,0,0,0,9
6,483,1,1,0,0,0,8
7,483,1,1,0,0,0,9
8,483,1,1,0,0,0,9
9,483,1,1,0,0,0,6
10,483,1,1,0,0,0,9
0,484,1,1,51,51,0,9
1,484,1,1,50,54,0,0
2,484,1,1,0,0,0,7
3,484,1,1,0,0,0,8
4,484,1,1,0,0,0,8
5,484,1,1,0,0,0,9
6,484,1,1,0,0,0,8
7,484,1,1,0,0,0,9
8,484,1,1,0,0,0,9
9,484,1,1,0,0,0,6
10,484,1,1,0,0,0,9
0,485,1,1,51,51,0,9
1,485,1,1,50,54,0,0
2,485,1,1,0,0,0,7
3,485,1,1,0,0,0,8
4,485,1,1,0,0,0,8
5,485,1,1,0,0,0,9
6,485,1,1,0,0,0,8
7,485,1,1,0,0,0,9
8,485,1,1,0,0,0,9
9,485,1,1,0,0,0,6
10,485,1,1,0,0,0,9
0,486,1,1,51,51,0,9
1,486,1,1,50,54,0,0
2,486,1,1,0,0,0,7
3,486,1,1,0,0,0,8
4,486,1,1,0,0,0,8
5,486,1,1,0,0,0,9
6,486,1,1,0,0,0,8
7,486,1,1,0,0,0,9
8,486,1,1,0,0,0,9
9,486,1,1,0,0,0,6
10,486,1,1,0,0,0,9
0,488,1,1,51,51,0,9
1,488,1,1,50,54,0,0
2,488,1,1,0,0,0,7
3,488,1,1,0,0,0,8
4,488,1,1,0,0,0,8
5,488,1,1,0,0,0,9
6,488,1,1,0,0,0,8
7,488,1,1,0,0,0,9
8,488,1,1,0,0,0,9
9,488,1,1,0,0,0,6
10,488,1,1,0,0,0,9
0,489,1,1,51,51,0,9
1,489,1,1,50,54,0,0
2,489,1,1,0,0,0,7
3,489,1,1,0,0,0,8
4,489,1,1,0,0,0,8
5,489,1,1,0,0,0,8
6,489,1,1,0,0,0,8
7,489,1,1,0,0,0,9
8,489,1,1,0,0,0,9
9,489,1,1,0,0,0,6
10,489,1,1,0,0,0,9
0,490,1,1,51,51,0,9
1,490,1,1,50,54,0,0
2,490,1,1,0,0,0,7
3,490,1,1,0,0,0,8
4,490,1,1,0,0,0,8
5,490,1,1,0,0,0,8
6,490,1,1,0,0,0,8
7,490,1,1,0,0,0,9
8,490,1,1,0,0,0,9
9,490,1,1,0,0,0,6
10,490,1,1,0,0,0,9
0,492,1,1,51,51,0,9
1,492,1,1,50,54,0,0
2,492,1,1,0,0,0,7
3,492,1,1,0,0,0,8
4,492,1,1,0,0,0,8
5,492,1,1,0,0,1,8
6,492,1,1,0,0,0,8
7,492,1,1,0,0,0,9
8,492,1,1,0,0,0,9
9,492,1,1,0,0,0,6
10,492,1,1,0,0,0,9
0,493,1,1,51,51,0,9
1,493,1,1,50,54,0,0
2,493,1,1,0,0,0,7
3,493,1,1,0,0,0,8
4,493,1,1,0,0,0,8
5,493,1,1,0,0,0,8
6,493,1,1,0,0,0,8
7,493,1,1,0,0,0,9
8,493,1,1,0,0,0,9
9,493,1,1,0,0,0,6
10,493,1,1,0,0,0,9
0,494,1,1,51,51,0,9
1,494,1,1,50,54,0,0
2,494,1,1,0,0,0,7
3,494,1,1,0,0,0,8
4,494,1,1,0,0,0,8
5,494,1,1,0,0,0,8
6,494,1,1,0,0,0,8
7,494,1,1,0,0,0,9
8,494,1,1,0,0,0,9
9,494,1,1,0,0,0,6
10,494,1,1,0,0,0,9
0,495,1,1,51,51,0,9
1,495,1,1,50,54,0,0
2,495,1,1,0,0,0,7
3,495,1,1,0,0,0,8
4,495,1,1,0,0,0,8
5,495,1,1,0,0,0,8
6,495,1,1,0,0,0,8
7,495,1,1,0,0,0,9
8,495,1,1,0,0,0,9
9,495,1,1,0,0,0,6
10,495,1,1,0,0,0,9
0,497,1,1,51,51,0,9
1,497,1,1,50,54,0,0
2,497,1,1,0,0,0,7
3,497,1,1,0,0,0,8
4,497,1,1,0,0,0,8
5,497,1,1,0,0,0,8
6,497,1,1,0,0,0,8
7,497,1,1,0,0,0,9
8,497,1,1,0,0,0,9
9,497,1,1,0,0,0,6
10,497,1,1,0,0,0,9
0,498,1,1,51,51,0,9
1,498,1,1,50,54,0,0
2,498,1,1,0,0,0,7
3,498,1,1,0,0,0,8
4,498,1,1,0,0,0,8
5,498,1,1,0,0,0,8
6,498,1,1,0,0,0,8
7,498,1,1,0,0,0,9
8,498,1,1,0,0,0,9
9,498,1,1,0,0,0,6
10,498,1,1,0,0,0,9
0,499,1,1,51,51,0,9
1,499,1,1,50,54,0,0
2,499,1,1,0,0,0,7
3,499,1,1,0,0,0,8
4,499,1,1,0,0,0,8
5,499,1,1,0,0,0,9
6,499,1,1,0,0,0,8
7,499,1,1,0,0,0,9
8,499,1,1,0,0,0,9
9,499,1,1,0,0,0,6
10,499,1,1,0,0,0,9
0,501,1,1,51,51,0,9
1,501,1,1,50,54,0,0
2,501,1,1,0,0,0,7
3,501,1,1,0,0,0,8
4,501,1,1,0,0,0,8
5,501,1,1,0,0,0,9
6,501,1,1,0,0,0,8
7,501,1,1,0,0,0,9
8,501,1,1,0,0,0,9
9,501,1,1,0,0,0,6
10,501,1,1,0,0,0,9
0,502,1,1,51,51,0,9
1,502,1,1,50,54,0,0
2,502,1,1,0,0,0,7
3,502,1,1,0,0,0,8
4,502,1,1,0,0,0,8
5,502,1,1,0,0,0,9
6,502,1,1,0,0,0,8
7,502,1,1,0,0,0,9
8,502,1,1,0,0,0,9
9,502,1,1,0,0,0,6
10,502,1,1,0,0,0,9
0,503,1,1,51,51,0,9
1,503,1,1,50,54,0,0
2,503,1,1,0,0,0,7
3,503,1,1,0,0,0,8
4,503,1,1,0,0,0,8
5,503,1,1,0,0,0,9
6,503,1,1,0,0,0,8
7,503,1,1,0,0,0,9
8,503,1,1,0,0,0,9
9,503,1,1,0,0,0,6
10,503,1,1,0,0,0,9
0,505,1,1,51,51,0,9
1,505,1,1,50,54,0,0
2,505,1,1,0,0,0,7
3,505,1,1,0,0,0,8
4,505,1,1,0,0,0,8
5,505,1,1,0,0,0,9
6,505,1,1,0,0,0,8
7,505,1,1,0,0,0,9
8,505,1,1,0,0,0,9
9,505,1,1,0,0,0,6
10,505,1,1,0,0,0,9
0,506,1,1,51,51,0,9
1,506,1,1,50,54,0,0
2,506,1,1,0,0,0,7
3,506,1,1,0,0,0,8
4,506,1,1,0,0,0,8
5,506,1,1,0,0,0,9
6,506,1,1,0,0,0,8
7,506,1,1,0,0,0,9
8,506,1,1,0,0,0,9
9,506,1,1,0,0,0,6
10,506,1,1,0,0,0,9
0,507,1,1,51,51,0,9
1,507,1,1,50,54,0,0
2,507,1,1,0,0,0,7
3,507,1,1,0,0,0,8
4,507,1,1,0,0,0,8
5,507,1,1,0,0,0,9
6,507,1,1,0,0,0,8
7,507,1,1,0,0,0,9
8,507,1,1,0,0,0,9
9,507,1,1,0,0,0,6
10,507,1,1,0,0,0,9
0,508,1,1,51,51,0,9
1,508,1,1,50,54,0,0
2,508,1,1,0,0,0,7
3,508,1,1,0,0,0,8
4,508,1,1,0,0,0,8
5,508,1,1,0,0,0,9
6,508,1,1,0,0,0,8
7,508,1,1,0,0,0,9
8,508,1,1,0,0,0,9
9,508,1,1,0,0,0,6
10,508,1,1,0,0,0,9
0,510,1,1,51,51,0,9
1,510,1,1,50,54,0,0
2,510,1,1,0,0,0,7
3,510,1,1,0,0,0,8
4,510,1,1,0,0,0,8
5,510,1,1,0,0,0,9
6,510,1,1,0,0,0,8
7,510,1,1,0,0,0,9
8,510,1,1,0,0,0,9
9,510,1,1,0,0,0,6
10,510,1,1,0,0,0,9
0,511,1,1,51,51,0,9
1,511,1,1,50,54,0,0
2,511,1,1,0,0,0,7
3,511,1,1,0,0,0,8
4,511,1,1,0,0,0,8
5,511,1,1,0,0,0,9
6,511,1,1,0,0,0,8
7,511,1,1,0,0,1,9
8,511,1,1,0,0,0,9
9,511,1,1,0,0,0,6
10,511,1,1,0,0,0,9
0,512,1,1,51,51,0,9
1,512,1,1,50,54,0,0
2,512,1,1,0,0,0,7
3,512,1,1,0,0,0,8
4,512,1,1,0,0,0,8
5,512,1,1,0,0,0,9
6,512,1,1,0,0,0,8
7,512,1,1,0,0,0,9
8,512,1,1,0,0,0,9
9,512,1,1,0,0,0,6
10,512,1,1,0,0,0,9
0,514,1,1,51,51,0,9
1,514,1,1,50,54,0,0
2,514,1,1,0,0,0,7
3,514,1,1,0,0,0,8
4,514,1,1,0,0,0,8
5,514,1,1,0,0,0,9
6,514,1,1,0,0,0,8
7,514,1,1,0,0,0,9
8,514,1,1,0,0,0,9
9,514,1,1,0,0,0,6
10,514,1,1,0,0,0,9
0,515,1,1,51,51,0,9
1,515,1,1,50,54,0,0
2,515,1,1,0,0,0,7
3,515,1,1,0,0,0,8
4,515,1,1,0,0,0,8
5,515,1,1,0,0,0,9
6,515,1,1,0,0,0,8
7,515,1,1,0,0,0,9
8,515,1,1,0,0,0,9
9,515,1,1,0,0,0,6
10,515,1,1,0,0,0,9
0,516,1,1,51,51,0,9
1,516,1,1,50,54,0,0
2,516,1,1,0,0,0,7
3,516,1,1,0,0,0,8
4,516,1,1,0,0,0,8
5,516,1,1,0,0,0,9
6,516,1,1,0,0,0,8
7,516,1,1,0,0,0,9
8,516,1,1,0,0,0,9
9,516,1,1,0,0,0,6
10,516,1,1,0,0,0,9
0,517,1,1,51,51,0,9
1,517,1,1,50,54,0,0
2,517,1,1,0,0,0,7
3,517,1,1,0,0,0,8
4,517,1,1,0,0,0,8
5,517,1,1,0,0,0,9
6,517,1,1,0,0,0,8
7,517,1,1,0,0,0,9
8,517,1,1,0,0,0,9
9,517,1,1,0,0,0,6
10,517,1,1,0,0,0,9
0,519,1,1,51,51,0,9
1,519,1,1,50,54,0,0
2,519,1,1,0,0,0,7
3,519,1,1,0,0,0,8
4,519,1,1,0,0,0,8
5,519,1,1,0,0,0,9
6,519,1,1,0,0,0,8
7,519,1,1,0,0,0,9
8,519,1,1,0,0,0,9
9,519,1,1,0,0,0,6
10,519,1,1,0,0,0,9
0,520,1,1,51,51,0,9
1,520,1,1,50,54,0,0
2,520,1,1,0,0,0,7
3,520,1,1,0,0,0,8
4,520,1,1,0,0,0,8
5,520,1,1,0,0,0,9
6,520,1,1,0,0,0,8
7,520,1,1,0,0,0,9
8,520,1,1,0,0,0,9
9,520,1,1,0,0,0,6
10,520,1,1,0,0,0,9
0,521,1,1,51,51,0,9
1,521,1,1,50,54,0,0
2,521,1,1,0,0,0,7
3,521,1,1,0,0,0,8
4,521,1,1,0,0,0,8
5,521,1,1,0,0,0,9
6,521,1,1,0,0,0,8
7,521,1,1,0,0,0,9
8,521,1,1,0,0,1,9
9,521,1,1,0,0,0,6
10,521,1,1,0,0,0,9
0,523,1,1,51,51,0,9
1,523,1,1,50,54,0,0
2,523,1,1,0,0,0,7
3,523,1,1,0,0,0,8
4,523,1,1,0,0,0,8
5,523,1,1,0,0,0,9
6,523,1,1,0,0,0,8
7,523,1,1,0,0,0,9
8,523,1,1,0,0,0,9
9,523,1,1,0,0,0,6
10,523,1,1,0,0,0,9
0,524,1,1,51,51,0,9
1,524,1,1,50,54,0,0
2,524,1,1,0,0,0,7
3,524,1,1,0,0,0,8
4,524,1,1,0,0,0,8
5,524,1,1,0,0,0,9
6,524,1,1,0,0,0,8
7,524,1,1,0,0,0,9
8,524,1,1,0,0,0,9
9,524,1,1,0,0,0,6
10,524,1,1,0,0,0,9
0,525,1,1,51,51,0,9
1,525,1,1,50,54,0,0
2,525,1,1,0,0,0,7
3,525,1,1,0,0,0,8
4,525,1,1,0,0,0,8
5,525,1,1,0,0,0,9
6,525,1,1,0,0,0,8
7,525,1,1,0,0,0,9
8,525,1,1,0,0,0,9
9,525,1,1,0,0,0,6
10,525,1,1,0,0,0,9
0,526,1,1,51,51,0,9
1,526,1,1,50,54,0,0
2,526,1,1,0,0,0,7
3,526,1,1,0,0,0,8
4,526,1,1,0,0,0,8
5,526,1,1,0,0,0,9
6,526,1,1,0,0,0,8
7,526,1,1,0,0,0,9
8,526,1,1,0,0,0,9
9,526,1,1,0,0,0,6
10,526,1,1,0,0,0,9
0,528,1,1,51,51,0,9
1,528,1,1,50,54,0,0
2,528,1,1,0,0,0,7
3,528,1,1,0,0,0,8
4,528,1,1,0,0,0,8
5,528,1,1,0,0,0,9
6,528,1,1,0,0,0,8
7,528,1,1,0,0,0,9
8,528,1,1,0,0,0,9
9,528,1,1,0,0,0,6
10,528,1,1,0,0,0,9
0,529,1,1,51,51,0,9
1,529,1,1,50,54,0,0
2,529,1,1,0,0,0,7
3,529,1,1,0,0,0,8
4,529,1,1,0,0,0,8
5,529,1,1,0,0,0,9
6,529,1,1,0,0,0,8
7,529,1,1,0,0,0,9
8,529,1,1,0,0,0,9
9,529,1,1,0,0,0,6
10,529,1,1,0,0,0,9
0,530,1,1,51,51,0,9
1,530,1,1,50,54,0,0
2,530,1,1,0,0,0,7
3,530,1,1,0,0,0,8
4,530,1,1,0,0,0,8
5,530,1,1,0,0,0,9
6,530,1,1,0,0,0,8
7,530,1,1,0,0,0,9
8,530,1,1,0,0,0,9
9,530,1,1,0,0,0,6
10,530,1,1,0,0,0,9
0,532,1,1,51,51,0,9
1,532,1,1,50,54,0,0
2,532,1,1,0,0,0,7
3,532,1,1,0,0,0,8
4,532,1,1,0,0,0,8
5,532,1,1,0,0,0,9
6,532,1,1,0,0,0,8
7,532,1,1,0,0,0,9
8,532,1,1,0,0,0,9
9,532,1,1,0,0,1,6
10,532,1,1,0,0,0,9
0,533,1,1,51,51,0,9
1,533,1,1,50,54,0,0
2,533,1,1,0,0,0,7
3,533,1,1,0,0,0,8
4,533,1,1,0,0,0,8
5,533,1,1,0,0,0,9
6,533,1,1,0,0,0,8
7,533,1,1,0,0,0,9
8,533,1,1,0,0,0,9
9,533,1,1,0,0,0,6
10,533,1,1,0,0,0,9
0,534,1,1,51,51,0,9
1,534,1,1,50,54,0,0
2,534,1,1,0,0,0,7
3,534,1,1,0,0,0,8
4,534,1,1,0,0,0,8
5,534,1,1,0,0,0,9
6,534,1,1,0,0,0,8
7,534,1,1,0,0,0,9
8,534,1,1,0,0,0,9
9,534,1,1,0,0,0,6
10,534,1,1,0,0,0,9
0,536,1,1,51,51,0,9
1,536,1,1,50,54,0,0
2,536,1,1,0,0,0,7
3,536,1,1,0,0,0,8
4,536,1,1,0,0,0,8
5,536,1,1,0,0,0,9
6,536,1,1,0,0,0,8
7,536,1,1,0,0,0,9
8,536,1,1,0,0,0,9
9,536,1,1,0,0,0,6
10,536,1,1,0,0,0,9
0,537,1,1,51,51,0,9
1,537,1,1,50,54,0,0
2,537,1,1,0,0,0,7
3,537,1,1,0,0,0,8
4,537,1,1,0,0,0,8
5,537,1,1,0,0,0,9
6,537,1,1,0,0,0,8
7,537,1,1,0,0,0,9
8,537,1,1,0,0,0,9
9,537,1,1,0,0,0,6
10,537,1,1,0,0,0,9
0,538,1,1,51,51,0,9
1,538,1,1,50,54,0,0
2,538,1,1,0,0,0,7
3,538,1,1,0,0,0,8
4,538,1,1,0,0,0,8
5,538,1,1,0,0,0,9
6,538,1,1,0,0,0,8
7,538,1,1,0,0,0,9
8,538,1,1,0,0,0,9
9,538,1,1,0,0,0,6
10,538,1,1,0,0,0,9
0,539,1,1,51,51,0,9
1,539,1,1,50,54,0,0
2,539,1,1,0,0,0,7
3,539,1,1,0,0,0,8
4,539,1,1,0,0,0,8
5,539,1,1,0,0,0,9
6,539,1,1,0,0,0,8
7,539,1,1,0,0,0,9
8,539,1,1,0,0,0,9
9,539,1,1,0,0,0,6
10,539,1,1,0,0,0,9
0,541,1,1,51,51,0,9
1,541,1,1,50,54,0,0
2,541,1,1,0,0,0,7
3,541,1,1,0,0,0,8
4,541,1,1,0,0,0,8
5,541,1,1,0,0,0,9
6,541,1,1,0,0,0,8
7,541,1,1,0,0,0,9
8,541,1,1,0,0,0,9
9,541,1,1,0,0,0,6
10,541,1,1,0,0,0,9
0,542,1,1,51,51,0,9
1,542,1,1,50,54,0,0
2,542,1,1,0,0,0,7
3,542,1,1,0,0,0,8
4,542,1,1,0,0,0,8
5,542,1,1,0,0,0,9
6,542,1,1,0,0,0,8
7,542,1,1,0,0,0,9
8,542,1,1,0,0,0,9
9,542,1,1,0,0,0,6
10,542,1,1,0,0,0,9
0,543,1,1,51,51,0,9
1,543,1,1,50,54,0,0
2,543,1,1,0,0,0,7
3,543,1,1,0,0,0,8
4,543,1,1,0,0,0,8
5,543,1,1,0,0,0,9
6,543,1,1,0,0,0,8
7,543,1,1,0,0,0,9
8,543,1,1,0,0,0,9
9,543,1,1,0,0,0,6
10,543,1,1,0,0,0,9
0,545,1,1,51,51,0,9
1,545,1,1,50,54,0,0
2,545,1,1,0,0,0,7
3,545,1,1,0,0,0,8
4,545,1,1,0,0,0,8
5,545,1,1,0,0,0,9
6,545,1,1,0,0,0,8
7,545,1,1,0,0,0,9
8,545,1,1,0,0,0,9
9,545,1,1,0,0,0,6
10,545,1,1,0,0,0,9
0,546,1,1,51,51,0,9
1,546,1,1,50,54,0,0
2,546,1,1,0,0,0,7
3,546,1,1,0,0,0,8
4,546,1,1,0,0,0,8
5,546,1,1,0,0,0,9
6,546,1,1,0,0,0,8
7,546,1,1,0,0,0,9
8,546,1,1,0,0,0,9
9,546,1,1,0,0,0,6
10,546,1,1,0,0,0,9
0,547,1,1,51,51,0,9
1,547,1,1,50,54,0,0
2,547,1,1,0,0,0,7
3,547,1,1,0,0,0,8
4,547,1,1,0,0,0,8
5,547,1,1,0,0,0,9
6,547,1,1,0,0,0,8
7,547,1,1,0,0,0,9
8,547,1,1,0,0,0,9
9,547,1,1,0,0,0,6
10,547,1,1,0,0,0,9
0,548,1,1,51,51,0,9
1,548,1,1,50,54,0,0
2,548,1,1,0,0,0,7
3,548,1,1,0,0,0,8
4,548,1,1,0,0,0,8
5,548,1,1,0,0,0,9
6,548,1,1,0,0,0,8
7,548,1,1,0,0,0,9
8,548,1,1,0,0,0,9
9,548,1,1,0,0,0,6
10,548,1,1,0,0,0,9
0,550,1,1,51,51,0,9
1,550,1,1,50,54,0,0
2,550,1,1,0,0,0,7
3,550,1,1,0,0,0,8
4,550,1,1,0,0,0,8
5,550,1,1,0,0,0,9
6,550,1,1,0,0,0,8
7,550,1,1,0,0,0,9
8,550,1,1,0,0,0,9
9,550,1,1,0,0,0,6
10,550,1,1,0,0,0,9
0,551,1,1,51,51,0,9
1,551,1,1,50,54,0,0
2,551,1,1,0,0,0,7
3,551,1,1,0,0,0,8
4,551,1,1,0,0,0,8
5,551,1,1,0,0,0,9
6,551,1,1,0,0,0,8
7,551,1,1,0,0,0,9
8,551,1,1,0,0,0,9
9,551,1,1,0,0,0,6
10,551,1,1,0,0,0,9
0,552,1,1,51,51,0,9
1,552,1,1,50,54,0,0
2,552,1,1,0,0,0,7
3,552,1,1,0,0,0,8
4,552,1,1,0,0,0,8
5,552,1,1,0,0,0,9
6,552,1,1,0,0,0,8
7,552,1,1,0,0,0,9
8,552,1,1,0,0,0,9
9,552,1,1,0,0,0,6
10,552,1,1,0,0,0,9
0,554,1,1,51,51,0,9
1,554,1,1,50,54,0,0
2,554,1,1,0,0,0,7
3,554,1,1,0,0,0,8
4,554,1,1,0,0,0,8
5,554,1,1,0,0,0,9
6,554,1,1,0,0,0,8
7,554,1,1,0,0,0,9
8,554,1,1,0,0,0,9
9,554,1,1,0,0,0,6
10,554,1,1,0,0,0,9
0,555,1,1,51,51,0,9
1,555,1,1,50,54,0,0
2,555,1,1,0,0,0,7
3,555,1,1,0,0,0,8
4,555,1,1,0,0,0,8
5,555,1,1,0,0,0,9
6,555,1,1,0,0,0,8
7,555,1,1,0,0,0,9
8,555,1,1,0,0,0,9
9,555,1,1,0,0,0,6
10,555,1,1,0,0,0,9
0,556,1,1,51,51,0,9
1,556,1,1,50,54,0,0
2,556,1,1,0,0,0,7
3,556,1,1,0,0,0,8
4,556,1,1,0,0,0,8
5,556,1,1,0,0,0,9
6,556,1,1,0,0,0,8
7,556,1,1,0,0,0,9
8,556,1,1,0,0,0,9
9,556,1,1,0,0,0,6
10,556,1,1,0,0,0,9
0,557,1,1,51,51,0,9
1,557,1,1,50,54,0,0
2,557,1,1,0,0,0,7
3,557,1,1,0,0,0,8
4,557,1,1,0,0,0,8
5,557,1,1,0,0,0,9
6,557,1,1,0,0,0,8
7,557,1,1,0,0,0,9
8,557,1,1,0,0,0,9
9,557,1,1,0,0,0,6
10,557,1,1,0,0,0,9
0,559,1,1,51,51,0,9
1,559,1,1,50,54,0,0
2,559,1,1,0,0,0,7
3,559,1,1,0,0,0,8
4,559,1,1,0,0,0,8
5,559,1,1,0,0,0,9
6,559,1,1,0,0,0,8
7,559,1,1,0,0,0,9
8,559,1,1,0,0,0,9
9,559,1,1,0,0,0,6
10,559,1,1,0,0,0,9
0,560,1,1,51,51,0,9
1,560,1,1,50,54,0,0
2,560,1,1,0,0,0,7
3,560,1,1,0,0,0,8
4,560,1,1,0,0,0,8
5,560,1,1,0,0,0,9
6,560,1,1,0,0,0,8
7,560,1,1,0,0,0,9
8,560,1,1,0,0,0,9
9,560,1,1,0,0,0,6
10,560,1,1,0,0,0,9
0,561,1,1,51,51,0,9
1,561,1,1,50,54,0,0
2,561,1,1,0,0,0,7
3,561,1,1,0,0,0,8
4,561,1,1,0,0,0,8
5,561,1,1,0,0,0,9
6,561,1,1,0,0,0,8
7,561,1,1,0,0,0,9
8,561,1,1,0,0,0,9
9,561,1,1,0,0,0,6
10,561,1,1,0,0,0,9
0,563,1,1,51,51,0,9
1,563,1,1,50,54,0,0
2,563,1,1,0,0,0,7
3,563,1,1,0,0,0,8
4,563,1,1,0,0,0,8
5,563,1,1,0,0,0,9
6,563,1,1,0,0,0,8
7,563,1,1,0,0,0,9
8,563,1,1,0,0,0,9
9,563,1,1,0,0,0,6
10,563,1,1,0,0,0,9
0,564,1,1,51,51,0,9
1,564,1,1,50,54,0,0
2,564,1,1,0,0,0,7
3,564,1,1,0,0,0,8
4,564,1,1,0,0,0,8
5,564,1,1,0,0,0,9
6,564,1,1,0,0,0,8
7,564,1,1,0,0,0,9
8,564,1,1,0,0,0,9
9,564,1,1,0,0,0,6
10,564,1,1,0,0,0,9
0,565,1,1,51,51,0,9
1,565,1,1,50,54,0,0
2,565,1,1,0,0,0,7
3,565,1,1,0,0,0,8
4,565,1,1,0,0,0,8
5,565,1,1,0,0,0,9
6,565,1,1,0,0,0,8
7,565,1,1,0,0,0,9
8,565,1,1,0,0,0,9
9,565,1,1,0,0,0,6
10,565,1,1,0,0,0,9
0,567,1,1,51,51,0,9
1,567,1,1,50,54,0,0
2,567,1,1,0,0,0,7
3,567,1,1,0,0,0,8
4,567,1,1,0,0,0,8
5,567,1,1,0,0,0,9
6,567,1,1,0,0,0,8
7,567,1,1,0,0,0,9
8,567,1,1,0,0,0,9
9,567,1,1,0,0,0,6
10,567,1,1,0,0,0,9
0,568,1,1,51,51,0,9
1,568,1,1,50,54,0,0
2,568,1,1,0,0,0,7
3,568,1,1,0,0,0,8
4,568,1,1,0,0,0,8
5,568,1,1,0,0,0,9
6,568,1,1,0,0,0,8
7,568,1,1,0,0,0,9
8,568,1,1,0,0,0,9
9,568,1,1,0,0,0,6
10,568,1,1,0,0,0,9
0,569,1,1,51,51,0,9
1,569,1,1,50,54,0,0
2,569,1,1,0,0,0,7
3,569,1,1,0,0,0,8
4,569,1,1,0,0,0,8
5,569,1,1,0,0,0,9
6,569,1,1,0,0,0,8
7,569,1,1,0,0,0,9
8,569,1,1,0,0,0,9
9,569,1,1,0,0,0,6
10,569,1,1,0,0,0,9
0,570,1,1,51,51,0,9
1,570,1,1,50,54,0,0
2,570,1,1,0,0,0,7
3,570,1,1,0,0,0,8
4,570,1,1,0,0,0,8
5,570,1,1,0,0,0,9
6,570,1,1,0,0,0,8
7,570,1,1,0,0,0,9
8,570,1,1,0,0,0,9
9,570,1,1,0,0,0,6
10,570,1,1,0,0,0,9
0,572,1,1,51,51,0,9
1,572,1,1,50,54,0,0
2,572,1,1,0,0,1,7
3,572,1,1,0,0,0,8
4,572,1,1,0,0,0,8
5,572,1,1,0,0,0,9
6,572,1,1,0,0,0,8
7,572,1,1,0,0,0,9
8,572,1,1,0,0,0,9
9,572,1,1,0,0,0,6
10,572,1,1,0,0,0,9
0,573,1,1,51,51,0,9
1,573,1,1,50,54,0,0
2,573,1,1,0,0,0,7
3,573,1,1,0,0,0,8
4,573,1,1,0,0,0,8
5,573,1,1,0,0,0,9
6,573,1,1,0,0,0,8
7,573,1,1,0,0,0,9
8,573,1,1,0,0,0,9
9,573,1,1,0,0,0,6
10,573,1,1,0,0,0,9
0,574,1,1,51,51,0,9
1,574,1,1,50,54,0,0
2,574,1,1,0,0,0,7
3,574,1,1,0,0,0,8
4,574,1,1,0,0,0,8
5,574,1,1,0,0,0,9
6,574,1,1,0,0,0,8
7,574,1,1,0,0,0,9
8,574,1,1,0,0,0,9
9,574,1,1,0,0,0,6
10,574,1,1,0,0,0,9
0,576,1,1,51,51,0,9
1,576,1,1,50,54,0,0
2,576,1,1,0,0,0,7
3,576,1,1,0,0,0,8
4,576,1,1,0,0,0,8
5,576,1,1,0,0,0,9
6,576,1,1,0,0,0,8
7,576,1,1,0,0,0,9
8,576,1,1,0,0,0,9
9,576,1,1,0,0,0,6
10,576,1,1,0,0,0,9
0,577,1,1,51,51,0,9
1,577,1,1,50,54,0,0
2,577,1,1,0,0,0,7
3,577,1,1,0,0,0,8
4,577,1,1,0,0,0,8
5,577,1,1,0,0,0,9
6,577,1,1,0,0,0,8
7,577,1,1,0,0,0,9
8,577,1,1,0,0,0,9
9,577,1,1,0,0,0,6
10,577,1,1,0,0,0,9
0,578,1,1,51,51,0,9
1,578,1,1,50,54,0,0
2,578,1,1,0,0,0,7
3,578,1,1,0,0,0,8
4,578,1,1,0,0,0,8
5,578,1,1,0,0,0,9
6,578,1,1,0,0,0,8
7,578,1,1,0,0,0,9
8,578,1,1,0,0,0,9
9,578,1,1,0,0,0,6
10,578,1,1,0,0,0,9
0,579,1,1,51,51,0,9
1,579,1,1,50,54,0,0
2,579,1,1,0,0,0,7
3,579,1,1,0,0,0,8
4,579,1,1,0,0,0,8
5,579,1,1,0,0,0,9
6,579,1,1,0,0,0,8
7,579,1,1,0,0,0,9
8,579,1,1,0,0,0,9
9,579,1,1,0,0,0,6
10,579,1,1,0,0,0,9
0,581,1,1,51,51,0,9
1,581,1,1,50,54,0,0
2,581,1,1,0,0,0,7
3,581,1,1,0,0,0,8
4,581,1,1,0,0,0,8
5,581,1,1,0,0,0,9
6,581,1,1,0,0,0,8
7,581,1,1,0,0,0,9
8,581,1,1,0,0,0,9
9,581,1,1,0,0,0,6
10,581,1,1,0,0,0,9
0,582,1,1,51,51,0,9
1,582,1,1,50,54,0,0
2,582,1,1,0,0,0,7
3,582,1,1,0,0,0,8
4,582,1,1,0,0,0,8
5,582,1,1,0,0,0,9
6,582,1,1,0,0,0,8
7,582,1,1,0,0,0,9
8,582,1,1,0,0,0,9
9,582,1,1,0,0,0,6
10,582,1,1,0,0,0,9
0,583,1,1,51,51,0,9
1,583,1,1,50,54,0,0
2,583,1,1,0,0,0,7
3,583,1,1,0,0,0,8
4,583,1,1,0,0,0,8
5,583,1,1,0,0,0,9
6,583,1,1,0,0,0,8
7,583,1,1,0,0,0,9
8,583,1,1,0,0,0,9
9,583,1,1,0,0,0,6
10,583,1,1,0,0,0,9
0,585,1,1,51,51,0,9
1,585,1,1,50,54,0,0
2,585,1,1,0,0,0,7
3,585,1,1,0,0,0,8
4,585,1,1,0,0,0,8
5,585,1,1,0,0,0,9
6,585,1,1,0,0,0,8
7,585,1,1,0,0,0,9
8,585,1,1,0,0,0,9
9,585,1,1,0,0,0,6
10,585,1,1,0,0,0,9
0,586,1,1,51,51,0,9
1,586,1,1,50,54,0,0
2,586,1,1,0,0,0,7
3,586,1,1,0,0,0,8
4,586,1,1,0,0,0,8
5,586,1,1,0,0,0,9
6,586,1,1,0,0,0,8
7,586,1,1,0,0,0,9
8,586,1,1,0,0,0,9
9,586,1,1,0,0,0,6
10,586,1,1,0,0,0,9
0,587,1,1,51,51,0,9
1,587,1,1,50,54,0,0
2,587,1,1,0,0,0,7
3,587,1,1,0,0,0,8
4,587,1,1,0,0,0,8
5,587,1,1,0,0,0,9
6,587,1,1,0,0,0,8
7,587,1,1,0,0,0,9
8,587,1,1,0,0,0,9
9,587,1,1,0,0,0,6
10,587,1,1,0,0,0,9
0,588,1,1,51,51,0,9
1,588,1,1,50,54,0,0
2,588,1,1,0,0,0,7
3,588,1,1,0,0,0,8
4,588,1,1,0,0,0,8
5,588,1,1,0,0,0,9
6,588,1,1,0,0,0,8
7,588,1,1,0,0,0,9
8,588,1,1,0,0,0,9
9,588,1,1,0,0,0,6
10,588,1,1,0,0,0,9
0,590,1,1,51,51,0,9
1,590,1,1,50,54,0,0
2,590,1,1,0,0,0,7
3,590,1,1,0,0,0,8
4,590,1,1,0,0,0,8
5,590,1,1,0,0,0,9
6,590,1,1,0,0,0,8
7,590,1,1,0,0,0,9
8,590,1,1,0,0,0,9
9,590,1,1,0,0,0,6
10,590,1,1,0,0,0,9
0,591,1,1,51,51,0,9
1,591,1,1,50,54,0,0
2,591,1,1,0,0,0,7
3,591,1,1,0,0,0,8
4,591,1,1,0,0,1,8
5,591,1,1,0,0,0,9
6,591,1,1,0,0,0,8
7,591,1,1,0,0,0,9
8,591,1,1,0,0,0,9
9,591,1,1,0,0,0,6
10,591,1,1,0,0,0,9
0,592,1,1,51,51,0,9
1,592,1,1,50,54,0,0
2,592,1,1,0,0,0,7
3,592,1,1,0,0,0,8
4,592,1,1,0,0,0,8
5,592,1,1,0,0,0,9
6,592,1,1,0,0,0,8
7,592,1,1,0,0,0,9
8,592,1,1,0,0,0,9
9,592,1,1,0,0,0,6
10,592,1,1,0,0,0,9
0,594,1,1,51,51,0,9
1,594,1,1,50,54,0,0
2,594,1,1,0,0,0,7
3,594,1,1,0,0,0,8
4,594,1,1,0,0,0,8
5,594,1,1,0,0,0,9
6,594,1,1,0,0,0,8
7,594,1,1,0,0,0,9
8,594,1,1,0,0,0,9
9,594,1,1,0,0,0,6
10,594,1,1,0,0,0,9
0,595,1,1,51,51,0,9
1,595,1,1,50,54,0,0
2,595,1,1,0,0,0,7
3,595,1,1,0,0,0,8
4,595,1,1,0,0,0,8
5,595,1,1,0,0,0,9
6,595,1,1,0,0,0,8
7,595,1,1,0,0,0,9
8,595,1,1,0,0,0,9
9,595,1,1,0,0,0,6
10,595,1,1,0,0,0,8
0,596,1,1,51,51,0,9
1,596,1,1,50,54,0,0
2,596,1,1,0,0,0,7
3,596,1,1,0,0,0,8
4,596,1,1,0,0,0,8
5,596,1,1,0,0,0,9
6,596,1,1,0,0,0,8
7,596,1,1,0,0,0,9
8,596,1,1,0,0,0,9
9,596,1,1,0,0,0,6
10,596,1,1,0,0,0,8
0,598,1,1,51,51,0,9
1,598,1,1,50,54,0,0
2,598,1,1,0,0,0,7
3,598,1,1,0,0,0,8
4,598,1,1,0,0,0,8
5,598,1,1,0,0,0,9
6,598,1,1,0,0,0,8
7,598,1,1,0,0,0,9
8,598,1,1,0,0,0,9
9,598,1,1,0,0,0,6
10,598,1,1,0,0,0,8
0,599,1,1,51,51,0,9
1,599,1,1,50,54,0,0
2,599,1,1,0,0,0,7
3,599,1,1,0,0,0,8
4,599,1,1,0,0,0,8
5,599,1,1,0,0,0,9
6,599,1,1,0,0,0,8
7,599,1,1,0,0,0,9
8,599,1,1,0,0,0,9
9,599,1,1,0,0,0,6
10,599,1,1,0,0,0,8
0,600,1,1,51,51,0,9
1,600,1,1,50,54,0,0
2,600,1,1,0,0,0,7
3,600,1,1,0,0,0,8
4,600,1,1,0,0,0,8
5,600,1,1,0,0,0,9
6,600,1,1,0,0,0,8
7,600,1,1,0,0,0,9
8,600,1,1,0,0,0,9
9,600,1,1,0,0,0,6
10,600,1,1,0,0,0,8
0,601,1,1,51,51,0,9
1,601,1,1,50,54,0,0
2,601,1,1,0,0,0,7
3,601,1,1,0,0,0,8
4,601,1,1,0,0,0,8
5,601,1,1,0,0,1,9
6,601,1,1,0,0,0,8
7,601,1,1,0,0,0,9
8,601,1,1,0,0,0,9
9,601,1,1,0,0,0,6
10,601,1,1,0,0,0,8
0,603,1,1,51,51,0,9
1,603,1,1,50,54,0,0
2,603,1,1,0,0,0,7
3,603,1,1,0,0,0,8
4,603,1,1,0,0,0,8
5,603,1,1,0,0,0,9
6,603,1,1,0,0,0,8
7,603,1,1,0,0,0,9
8,603,1,1,0,0,0,9
9,603,1,1,0,0,0,6
10,603,1,1,0,0,0,8
0,604,1,1,51,51,0,9
1,604,1,1,50,54,0,0
2,604,1,1,0,0,0,7
3,604,1,1,0,0,0,8
4,604,1,1,0,0,0,8
5,604,1,1,0,0,0,9
6,604,1,1,0,0,0,8
7,604,1,1,0,0,0,9
8,604,1,1,0,0,0,9
9,604,1,1,0,0,0,6
10,604,1,1,0,0,0,8
0,605,1,1,51,51,0,9
1,605,1,1,50,54,0,0
2,605,1,1,0,0,0,7
3,605,1,1,0,0,0,8
4,605,1,1,0,0,0,8
5,605,1,1,0,0,0,9
6,605,1,1,0,0,0,8
7,605,1,1,0,0,0,9
8,605,1,1,0,0,0,9
9,605,1,1,0,0,0,6
10,605,1,1,0,0,0,8
0,607,1,1,51,51,0,9
1,607,1,1,50,54,0,0
2,607,1,1,0,0,0,7
3,607,1,1,0,0,0,8
4,607,1,1,0,0,0,8
5,607,1,1,0,0,0,9
6,607,1,1,0,0,0,8
7,607,1,1,0,0,0,9
8,607,1,1,0,0,0,9
9,607,1,1,0,0,0,6
10,607,1,1,0,0,0,8
0,608,1,1,51,51,0,9
1,608,1,1,50,54,0,0
2,608,1,1,0,0,0,7
3,608,1,1,0,0,0,8
4,608,1,1,0,0,0,8
5,608,1,1,0,0,0,9
6,608,1,1,0,0,0,8
7,608,1,1,0,0,0,9
8,608,1,1,0,0,0,9
9,608,1,1,0,0,0,6
10,608,1,1,0,0,0,8
0,609,1,1,51,51,0,9
1,609,1,1,50,54,0,0
2,609,1,1,0,0,0,7
3,609,1,1,0,0,0,8
4,609,1,1,0,0,0,8
5,609,1,1,0,0,0,9
6,609,1,1,0,0,0,8
7,609,1,1,0,0,0,9
8,609,1,1,0,0,0,9
9,609,1,1,0,0,0,6
10,609,1,1,0,0,0,8
0,610,1,1,51,51,0,9
1,610,1,1,50,54,0,0
2,610,1,1,0,0,0,7
3,610,1,1,0,0,0,8
4,610,1,1,0,0,0,8
5,610,1,1,0,0,0,9
6,610,1,1,0,0,0,8
7,610,1,1,0,0,0,9
8,610,1,1,0,0,0,9
9,610,1,1,0,0,0,6
10,610,1,1,0,0,0,8
0,612,1,1,51,51,0,8
1,612,1,1,50,54,0,0
2,612,1,1,0,0,0,7
3,612,1,1,0,0,0,8
4,612,1,1,0,0,0,8
5,612,1,1,0,0,0,9
6,612,1,1,0,0,1,8
7,612,1,1,0,0,0,9
8,612,1,1,0,0,0,9
9,612,1,1,0,0,0,6
10,612,1,1,0,0,0,8
0,613,1,1,51,51,0,8
1,613,1,1,50,54,0,0
2,613,1,1,0,0,0,7
3,613,1,1,0,0,0,8
4,613,1,1,0,0,0,8
5,613,1,1,0,0,0,9
6,613,1,1,0,0,0,8
7,613,1,1,0,0,0,9
8,613,1,1,0,0,0,9
9,613,1,1,0,0,0,6
10,613,1,1,0,0,0,8
0,614,1,1,51,51,0,8
1,614,1,1,50,54,0,0
2,614,1,1,0,0,0,7
3,614,1,1,0,0,0,8
4,614,1,1,0,0,0,8
5,614,1,1,0,0,0,9
6,614,1,1,0,0,0,8
7,614,1,1,0,0,0,9
8,614,1,1,0,0,0,9
9,614,1,1,0,0,0,6
10,614,1,1,0,0,0,8
0,616,1,1,51,51,0,8
1,616,1,1,50,54,0,0
2,616,1,1,0,0,0,7
3,616,1,1,0,0,0,8
4,616,1,1,0,0,0,8
5,616,1,1,0,0,0,9
6,616,1,1,0,0,0,8
7,616,1,1,0,0,0,9
8,616,1,1,0,0,0,9
9,616,1,1,0,0,0,6
10,616,1,1,0,0,0,8
0,617,1,1,51,51,0,8
1,617,1,1,50,54,0,0
2,617,1,1,0,0,0,7
3,617,1,1,0,0,0,8
4,617,1,1,0,0,0,8
5,617,1,1,0,0,0,9
6,617,1,1,0,0,0,8
7,617,1,1,0,0,0,9
8,617,1,1,0,0,0,9
9,617,1,1,0,0,0,6
10,617,1,1,0,0,0,8
0,618,1,1,51,51,0,8
1,618,1,1,50,54,0,0
2,618,1,1,0,0,0,7
3,618,1,1,0,0,0,8
4,618,1,1,0,0,0,8
5,618,1,1,0,0,0,9
6,618,1,1,0,0,0,8
7,618,1,1,0,0,0,9
8,618,1,1,0,0,0,9
9,618,1,1,0,0,0,6
10,618,1,1,0,0,0,8
0,619,1,1,51,51,0,8
1,619,1,1,50,54,0,0
2,619,1,1,0,0,0,7
3,619,1,1,0,0,0,8
4,619,1,1,0,0,0,8
5,619,1,1,0,0,0,9
6,619,1,1,0,0,0,8
7,619,1,1,0,0,0,9
8,619,1,1,0,0,0,9
9,619,1,1,0,0,0,6
10,619,1,1,0,0,0,8
0,621,1,1,51,51,0,8
1,621,1,1,50,54,0,0
2,621,1,1,0,0,0,7
3,621,1,1,0,0,0,8
4,621,1,1,0,0,0,8
5,621,1,1,0,0,0,9
6,621,1,1,0,0,0,8
7,621,1,1,0,0,0,9
8,621,1,1,0,0,0,9
9,621,1,1,0,0,0,6
10,621,1,1,0,0,0,8
0,622,1,1,51,51,0,8
1,622,1,1,50,54,0,0
2,622,1,1,0,0,0,7
3,622,1,1,0,0,0,8
4,622,1,1,0,0,0,8
5,622,1,1,0,0,0,9
6,622,1,1,0,0,0,8
7,622,1,1,0,0,0,9
8,622,1,1,0,0,0,9
9,622,1,1,0,0,0,6
10,622,1,1,0,0,0,8
0,623,1,1,51,51,0,8
1,623,1,1,50,54,0,0
2,623,1,1,0,0,0,7
3,623,1,1,0,0,0,8
4,623,1,1,0,0,0,8
5,623,1,1,0,0,0,9
6,623,1,1,0,0,0,8
7,623,1,1,0,0,0,8
8,623,1,1,0,0,0,9
9,623,1,1,0,0,0,6
10,623,1,1,0,0,0,8
0,625,1,1,51,51,0,8
1,625,1,1,50,54,0,0
2,625,1,1,0,0,0,7
3,625,1,1,0,0,0,8
4,625,1,1,0,0,0,8
5,625,1,1,0,0,0,9
6,625,1,1,0,0,0,8
7,625,1,1,0,0,0,8
8,625,1,1,0,0,0,9
9,625,1,1,0,0,0,6
10,625,1,1,0,0,0,8
0,626,1,1,51,51,0,8
1,626,1,1,50,54,0,0
2,626,1,1,0,0,0,6
3,626,1,1,0,0,0,8
4,626,1,1,0,0,0,8
5,626,1,1,0,0,0,9
6,626,1,1,0,0,0,8
7,626,1,1,0,0,0,8
8,626,1,1,0,0,0,9
9,626,1,1,0,0,0,6
10,626,1,1,0,0,0,8
0,627,1,1,51,51,0,8
1,627,1,1,50,54,0,0
2,627,1,1,0,0,0,6
3,627,1,1,0,0,0,8
4,627,1,1,0,0,0,8
5,627,1,1,0,0,0,9
6,627,1,1,0,0,0,8
7,627,1,1,0,0,0,8
8,627,1,1,0,0,0,9
9,627,1,1,0,0,0,6
10,627,1,1,0,0,0,8
0,629,1,1,51,51,0,8
1,629,1,1,50,54,0,0
2,629,1,1,0,0,0,6
3,629,1,1,0,0,0,8
4,629,1,1,0,0,0,8
5,629,1,1,0,0,0,9
6,629,1,1,0,0,0,8
7,629,1,1,0,0,0,8
8,629,1,1,0,0,0,9
9,629,1,1,0,0,0,6
10,629,1,1,0,0,0,8
0,630,1,1,51,51,0,8
1,630,1,1,50,54,0,0
2,630,1,1,0,0,0,6
3,630,1,1,0,0,0,8
4,630,1,1,0,0,0,8
5,630,1,1,0,0,0,9
6,630,1,1,0,0,0,8
7,630,1,1,0,0,0,8
8,630,1,1,0,0,0,9
9,630,1,1,0,0,0,6
10,630,1,1,0,0,0,8
0,631,1,1,51,51,0,8
1,631,1,1,50,54,0,0
2,631,1,1,0,0,0,6
3,631,1,1,0,0,0,8
4,631,1,1,0,0,0,8
5,631,1,1,0,0,0,9
6,631,1,1,0,0,0,8
7,631,1,1,0,0,0,8
8,631,1,1,0,0,1,9
9,631,1,1,0,0,0,6
10,631,1,1,0,0,0,8
0,632,1,1,51,51,0,8
1,632,1,1,50,54,0,0
2,632,1,1,0,0,0,6
3,632,1,1,0,0,0,8
4,632,1,1,0,0,0,8
5,632,1,1,0,0,0,9
6,632,1,1,0,0,0,8
7,632,1,1,0,0,0,8
8,632,1,1,0,0,0,9
9,632,1,1,0,0,0,6
10,632,1,1,0,0,0,8
0,634,1,1,51,51,0,8
1,634,1,1,50,54,0,0
2,634,1,1,0,0,0,6
3,634,1,1,0,0,0,8
4,634,1,1,0,0,0,8
5,634,1,1,0,0,0,9
6,634,1,1,0,0,0,8
7,634,1,1,0,0,0,8
8,634,1,1,0,0,0,9
9,634,1,1,0,0,0,6
10,634,1,1,0,0,0,8
